collected_at,feed_timestamp,entity_id,vehicle_id,trip_id,route_id,latitude,longitude,current_stop_sequence,current_status
2026-09-25T12:48:28.063374+00:00,1790340493,RTVP:T:b_268440192_25,ineo-bus:79140,b_268440192_25,71,44.86176681518555,-0.6687336564064026,8,2
2026-09-25T12:48:28.063374+00:00,1790340493,RTVP:T:b_268441252_25,ineo-bus:2379,b_268441252_25,901,44.86858367919922,-0.6713593602180481,20,1
2026-09-25T12:48:28.063374+00:00,1790340493,RTVP:T:b_268441070_25,ineo-bus:79020,b_268441070_25,89,44.76375961303711,-0.5658148527145386,16,2
2026-09-25T12:48:28.063374+00:00,1790340493,RTVP:T:b_268439632_25,ineo-bus:79141,b_268439632_25,460,44.857574462890625,-0.5324063301086426,16,1
2026-09-25T12:48:28.063374+00:00,1790340493,RTVP:T:b_268441308_25,ineo-bus:2378,b_268441308_25,901,44.88716506958008,-0.6971978545188904,13,2
2026-09-25T12:48:28.063374+00:00,1790340493,RTVP:T:b_268441442_25,ineo-bus:2377,b_268441442_25,901,44.830543518066406,-0.5729437470436096,38,2
2026-09-25T12:48:28.063374+00:00,1790340493,RTVP:T:b_268440140_25,ineo-bus:79022,b_268440140_25,70,44.85445022583008,-0.5929391980171204,11,1
2026-09-25T12:48:28.063374+00:00,1790340493,RTVP:T:b_268438459_25,ineo-bus:79143,b_268438459_25,29,44.929874420166016,-0.4969726502895355,22,2
2026-09-25T12:48:28.063374+00:00,1790340493,RTVP:T:b_268439730_25,ineo-bus:79023,b_268439730_25,461,44.87541961669922,-0.5357986092567444,1,1
2026-09-25T12:48:28.063374+00:00,1790340493,RTVP:T:t_268436508_25,ineo-tram:2231,t_268436508_25,60,44.807273864746094,-0.5925549864768982,11,1
2026-09-25T12:48:28.063374+00:00,1790340493,RTVP:T:t_268435529_25,ineo-tram:2232,t_268435529_25,59,44.83186340332031,-0.5970922112464905,3,2
2026-09-25T12:48:28.063374+00:00,1790340493,RTVP:T:b_268441280_25,ineo-bus:2370,b_268441280_25,901,44.8623046875,-0.6455900073051453,22,2
2026-09-25T12:48:28.063374+00:00,1790340493,RTVP:T:t_268436656_25,ineo-tram:2230,t_268436656_25,61,44.82590866088867,-0.5568439364433289,19,1
2026-09-25T12:48:28.063374+00:00,1790340493,RTVP:T:b_268440568_25,ineo-bus:80002,b_268440568_25,76,44.87601852416992,-0.5519973039627075,3,2
2026-09-25T12:48:28.063374+00:00,1790340493,RTVP:T:b_268440469_25,ineo-bus:80003,b_268440469_25,75,44.89318084716797,-0.527637243270874,1,1
2026-09-25T12:48:28.063374+00:00,1790340493,RTVP:T:b_268440549_25,ineo-bus:80006,b_268440549_25,76,44.958133697509766,-0.6135014891624451,5,2
2026-09-25T12:48:28.063374+00:00,1790340493,RTVP:T:b_268440585_25,ineo-bus:80007,b_268440585_25,75,44.879852294921875,-0.6072045564651489,2,1
2026-09-25T12:48:28.063374+00:00,1790340493,RTVP:T:t_268437414_25,ineo-tram:2229,t_268437414_25,163,44.85601043701172,-0.5342591404914856,9,1
2026-09-25T12:48:28.063374+00:00,1790340493,RTVP:T:b_268437543_25,ineo-bus:1059,b_268437543_25,16,44.84741973876953,-0.625315248966217,21,2
2026-09-25T12:48:28.063374+00:00,1790340493,RTVP:T:b_268441453_25,ineo-bus:2389,b_268441453_25,901,44.85943603515625,-0.631084144115448,21,2
2026-09-25T12:48:28.063374+00:00,1790340493,RTVP:T:b_268435892_25,ineo-bus:1056,b_268435892_25,04,44.84006118774414,-0.5841898322105408,1,1
2026-09-25T12:48:28.063374+00:00,1790340493,RTVP:T:b_268441131_25,ineo-bus:2388,b_268441131_25,901,44.91187286376953,-0.7231304049491882,4,2
2026-09-25T12:48:28.063374+00:00,1790340493,RTVP:T:b_268438998_25,ineo-bus:1057,b_268438998_25,34,44.795249938964844,-0.6108862161636353,39,2
2026-09-25T12:48:28.063374+00:00,1790340493,RTVP:T:b_268441338_25,ineo-bus:2386,b_268441338_25,901,44.85408020019531,-0.6114908456802368,17,1
2026-09-25T12:48:28.063374+00:00,1790340493,RTVP:T:b_268437453_25,ineo-bus:1055,b_268437453_25,16,44.84112548828125,-0.5877794027328491,9,1
2026-09-25T12:48:28.063374+00:00,1790340493,RTVP:T:b_268441117_25,ineo-bus:2385,b_268441117_25,901,44.89749526977539,-0.7830731272697449,1,1
2026-09-25T12:48:28.063374+00:00,1790340493,RTVP:T:t_268436262_25,ineo-tram:2223,t_268436262_25,60,44.79679489135742,-0.6173524856567383,6,1
2026-09-25T12:48:28.063374+00:00,1790340493,RTVP:T:b_268435937_25,ineo-bus:1052,b_268435937_25,04,44.802024841308594,-0.6527677178382874,15,1
2026-09-25T12:48:28.063374+00:00,1790340493,RTVP:T:b_268439657_25,ineo-bus:79158,b_268439657_25,460,44.84061813354492,-0.56019526720047,1,1
2026-09-25T12:48:28.063374+00:00,1790340493,RTVP:T:t_268436876_25,ineo-tram:2220,t_268436876_25,62,44.85277557373047,-0.5915015935897827,9,2
2026-09-25T12:48:28.063374+00:00,1790340493,RTVP:T:b_268437478_25,ineo-bus:1053,b_268437478_25,16,44.845436096191406,-0.611504852771759,15,2
2026-09-25T12:48:28.063374+00:00,1790340493,RTVP:T:b_268438925_25,ineo-bus:79159,b_268438925_25,33,44.89053726196289,-0.6012352705001831,1,1
2026-09-25T12:48:28.063374+00:00,1790340493,RTVP:T:b_268441391_25,ineo-bus:2382,b_268441391_25,901,44.83015060424805,-0.5695623159408569,7,2
2026-09-25T12:48:28.063374+00:00,1790340493,RTVP:T:t_268437586_25,ineo-tram:2226,t_268437586_25,164,44.815574645996094,-0.5508463382720947,6,2
2026-09-25T12:48:28.063374+00:00,1790340493,RTVP:T:b_268439043_25,ineo-bus:1051,b_268439043_25,34,44.79145050048828,-0.6333229541778564,15,1
2026-09-25T12:48:28.063374+00:00,1790340493,RTVP:T:b_268441085_25,ineo-bus:2381,b_268441085_25,901,44.82525634765625,-0.5569166541099548,2,1
2026-09-25T12:48:28.063374+00:00,1790340493,RTVP:T:b_268441417_25,ineo-bus:2380,b_268441417_25,901,44.827735900878906,-0.5562759637832642,44,2
2026-09-25T12:48:28.063374+00:00,1790340493,RTVP:T:b_268436182_25,ineo-bus:2159,b_268436182_25,05,44.77444839477539,-0.5646331906318665,14,1
2026-09-25T12:48:28.063374+00:00,1790340493,RTVP:T:b_268437519_25,ineo-bus:1067,b_268437519_25,16,44.85213851928711,-0.6383665204048157,6,1
2026-09-25T12:48:28.063374+00:00,1790340493,RTVP:T:b_268437758_25,ineo-bus:2157,b_268437758_25,23,44.7812614440918,-0.559952974319458,32,2
2026-09-25T12:48:28.063374+00:00,1790340493,RTVP:T:b_268436772_25,ineo-bus:1065,b_268436772_25,08,44.78345489501953,-0.5930697321891785,14,2
2026-09-25T12:48:28.063374+00:00,1790340493,RTVP:T:b_268439325_25,ineo-bus:2155,b_268439325_25,37,44.90657043457031,-0.7150543332099915,2,2
2026-09-25T12:48:28.063374+00:00,1790340493,RTVP:T:b_268440639_25,ineo-bus:89087,b_268440639_25,77,44.80120086669922,-0.6768426895141602,24,2
2026-09-25T12:48:28.063374+00:00,1790340493,RTVP:T:b_268436747_25,ineo-bus:1066,b_268436747_25,08,44.77190017700195,-0.6105123162269592,1,1
2026-09-25T12:48:28.063374+00:00,1790340493,RTVP:T:b_268440785_25,ineo-bus:89085,b_268440785_25,80,44.83597183227539,-0.5807748436927795,2,2
2026-09-25T12:48:28.063374+00:00,1790340493,RTVP:T:b_268435955_25,ineo-bus:1064,b_268435955_25,04,44.82780838012695,-0.5931723713874817,3,2
2026-09-25T12:48:28.063374+00:00,1790340493,RTVP:T:b_268440774_25,ineo-bus:89084,b_268440774_25,80,44.773887634277344,-0.6244693398475647,30,2
2026-09-25T12:48:28.063374+00:00,1790340493,RTVP:T:b_268437361_25,ineo-bus:1060,b_268437361_25,16,44.83503723144531,-0.5741922855377197,4,1
2026-09-25T12:48:28.063374+00:00,1790340493,RTVP:T:b_268441218_25,ineo-bus:2390,b_268441218_25,901,44.89480972290039,-0.7565532326698303,6,2
2026-09-25T12:48:28.063374+00:00,1790340493,RTVP:T:b_268436712_25,ineo-bus:1078,b_268436712_25,08,44.834693908691406,-0.5995535254478455,31,2
2026-09-25T12:48:28.063374+00:00,1790340493,RTVP:T:b_268436127_25,ineo-bus:2168,b_268436127_25,05,44.773738861083984,-0.5282763838768005,1,1
2026-09-25T12:48:28.063374+00:00,1790340493,RTVP:T:b_268436379_25,ineo-bus:2167,b_268436379_25,05,44.772823333740234,-0.5645046830177307,38,2
2026-09-25T12:48:28.063374+00:00,1790340493,RTVP:T:b_268436730_25,ineo-bus:1076,b_268436730_25,08,44.78379440307617,-0.5928510427474976,19,2
2026-09-25T12:48:28.063374+00:00,1790340493,RTVP:T:b_268436393_25,ineo-bus:2166,b_268436393_25,05,44.794063568115234,-0.567548394203186,15,1
2026-09-25T12:48:28.063374+00:00,1790340493,RTVP:T:t_268437500_25,ineo-tram:2244,t_268437500_25,164,44.83059310913086,-0.6023808717727661,14,2
2026-09-25T12:48:28.063374+00:00,1790340493,RTVP:T:b_268435873_25,ineo-bus:1077,b_268435873_25,04,44.801536560058594,-0.6543565988540649,20,1
2026-09-25T12:48:28.063374+00:00,1790340493,RTVP:T:b_268440281_25,ineo-bus:1198,b_268440281_25,73,44.84577178955078,-0.6178101897239685,52,2
2026-09-25T12:48:28.063374+00:00,1790340493,RTVP:T:t_268437291_25,ineo-tram:2245,t_268437291_25,163,44.86201095581055,-0.5753146409988403,9,2
2026-09-25T12:48:28.063374+00:00,1790340493,RTVP:T:b_268437341_25,ineo-bus:1074,b_268437341_25,16,44.83661651611328,-0.5662749409675598,1,1
2026-09-25T12:48:28.063374+00:00,1790340493,RTVP:T:b_268436230_25,ineo-bus:2164,b_268436230_25,05,44.79312515258789,-0.5673999786376953,33,2
2026-09-25T12:48:28.063374+00:00,1790340493,RTVP:T:t_268437455_25,ineo-tram:2242,t_268437455_25,163,44.84000778198242,-0.5603340864181519,16,2
2026-09-25T12:48:28.063374+00:00,1790340493,RTVP:T:b_268435994_25,ineo-bus:1075,b_268435994_25,04,44.83626174926758,-0.5812620520591736,38,1
2026-09-25T12:48:28.063374+00:00,1790340493,RTVP:T:b_268436144_25,ineo-bus:2163,b_268436144_25,05,44.83082962036133,-0.5731263756752014,17,2
2026-09-25T12:48:28.063374+00:00,1790340493,RTVP:T:t_268436854_25,ineo-tram:2243,t_268436854_25,61,44.82574462890625,-0.5566182732582092,20,2
2026-09-25T12:48:28.063374+00:00,1790340493,RTVP:T:b_268437378_25,ineo-bus:1072,b_268437378_25,16,44.83993911743164,-0.5851954221725464,18,2
2026-09-25T12:48:28.063374+00:00,1790340493,RTVP:T:b_268440336_25,ineo-bus:1193,b_268440336_25,73,44.79133987426758,-0.5317102074623108,1,1
2026-09-25T12:48:28.063374+00:00,1790340493,RTVP:T:b_268436216_25,ineo-bus:2162,b_268436216_25,05,44.75486373901367,-0.5859556198120117,1,1
2026-09-25T12:48:28.063374+00:00,1790340493,RTVP:T:b_268435976_25,ineo-bus:1073,b_268435976_25,04,44.79301452636719,-0.6812307834625244,1,1
2026-09-25T12:48:28.063374+00:00,1790340493,RTVP:T:b_268437494_25,ineo-bus:1070,b_268437494_25,16,44.834938049316406,-0.5741860270500183,21,1
2026-09-25T12:48:28.063374+00:00,1790340493,RTVP:T:b_268440319_25,ineo-bus:1191,b_268440319_25,73,44.80824279785156,-0.6001372933387756,26,2
2026-09-25T12:48:28.063374+00:00,1790340493,RTVP:T:b_268436283_25,ineo-bus:2160,b_268436283_25,05,44.81904602050781,-0.5723641514778137,22,1
2026-09-25T12:48:28.063374+00:00,1790340493,RTVP:T:b_268436070_25,ineo-bus:1071,b_268436070_25,04,44.83907699584961,-0.5831263065338135,2,1
2026-09-25T12:48:28.063374+00:00,1790340493,RTVP:T:b_268439515_25,ineo-bus:89093,b_268439515_25,39,44.83066177368164,-0.7012416124343872,26,2
2026-09-25T12:48:28.063374+00:00,1790340493,RTVP:T:b_268439479_25,ineo-bus:89091,b_268439479_25,39,44.8954963684082,-0.717934787273407,7,2
2026-09-25T12:48:28.063374+00:00,1790340493,RTVP:T:b_268438935_25,ineo-bus:69013,b_268438935_25,33,44.84181213378906,-0.6471096873283386,42,2
2026-09-25T12:48:28.063374+00:00,1790340493,RTVP:T:t_268436225_25,ineo-tram:2241,t_268436225_25,60,44.81672668457031,-0.5859168767929077,20,2
2026-09-25T12:48:28.063374+00:00,1790340493,RTVP:T:b_268438979_25,ineo-bus:69010,b_268438979_25,33,44.87229537963867,-0.5912933945655823,10,2
2026-09-25T12:48:28.063374+00:00,1790340493,RTVP:T:b_268439711_25,ineo-bus:69011,b_268439711_25,461,44.84410095214844,-0.558870792388916,42,2
2026-09-25T12:48:28.063374+00:00,1790340493,RTVP:T:b_268438969_25,ineo-bus:69018,b_268438969_25,33,44.84279251098633,-0.6367725133895874,17,2
2026-09-25T12:48:28.063374+00:00,1790340493,RTVP:T:b_268438091_25,ineo-bus:69019,b_268438091_25,25,44.88182067871094,-0.511559247970581,1,1
2026-09-25T12:48:28.063374+00:00,1790340493,RTVP:T:b_268436340_25,ineo-bus:2179,b_268436340_25,05,44.86925506591797,-0.5566006898880005,1,1
2026-09-25T12:48:28.063374+00:00,1790340493,RTVP:T:b_268436110_25,ineo-bus:2177,b_268436110_25,05,44.81821060180664,-0.5722603797912598,30,2
2026-09-25T12:48:28.063374+00:00,1790340493,RTVP:T:b_268436268_25,ineo-bus:2175,b_268436268_25,05,44.829627990722656,-0.5681107044219971,30,2
2026-09-25T12:48:28.063374+00:00,1790340493,RTVP:T:b_268436202_25,ineo-bus:2174,b_268436202_25,05,44.83879470825195,-0.5818162560462952,14,2
2026-09-25T12:48:28.063374+00:00,1790340493,RTVP:T:b_268436298_25,ineo-bus:2172,b_268436298_25,05,44.86957550048828,-0.556190013885498,1,1
2026-09-25T12:48:28.063374+00:00,1790340493,RTVP:T:b_268436677_25,ineo-bus:1080,b_268436677_25,08,44.8196907043457,-0.6020486950874329,27,2
2026-09-25T12:48:28.063374+00:00,1790340493,RTVP:T:b_268438946_25,ineo-bus:69021,b_268438946_25,33,44.83038330078125,-0.7007544040679932,1,1
2026-09-25T12:48:28.063374+00:00,1790340493,RTVP:T:b_268440901_25,ineo-bus:69027,b_268440901_25,84,44.90760040283203,-0.7145135998725891,15,2
2026-09-25T12:48:28.063374+00:00,1790340493,RTVP:T:b_268439128_25,ineo-bus:2182,b_268439128_25,35,44.80074691772461,-0.5964416265487671,30,2
2026-09-25T12:48:28.063374+00:00,1790340493,RTVP:T:b_268439576_25,ineo-bus:69030,b_268439576_25,439,44.904361724853516,-0.6690599322319031,3,1
2026-09-25T12:48:28.063374+00:00,1790340493,RTVP:T:b_268440711_25,ineo-bus:69031,b_268440711_25,80,44.816646575927734,-0.6024993658065796,27,2
2026-09-25T12:48:28.063374+00:00,1790340493,RTVP:T:b_268438173_25,ineo-bus:86852,b_268438173_25,26,44.847965240478516,-0.7070196866989136,20,1
2026-09-25T12:48:28.063374+00:00,1790340493,RTVP:T:b_268439456_25,ineo-bus:86851,b_268439456_25,38,44.879783630371094,-0.6476640105247498,17,2
2026-09-25T12:48:28.063374+00:00,1790340493,RTVP:T:b_268439770_25,ineo-bus:86848,b_268439770_25,469,44.92613983154297,-0.489051878452301,22,2
2026-09-25T12:48:28.063374+00:00,1790340493,RTVP:T:b_268440077_25,ineo-bus:86845,b_268440077_25,65,44.86470031738281,-0.48923635482788086,1,1
2026-09-25T12:48:28.063374+00:00,1790340493,RTVP:T:b_268439416_25,ineo-bus:86844,b_268439416_25,38,44.90021896362305,-0.6401795744895935,17,2
2026-09-25T12:48:28.063374+00:00,1790340493,RTVP:T:b_268439443_25,ineo-bus:86857,b_268439443_25,38,44.85037612915039,-0.6752365231513977,1,1
2026-09-25T12:48:28.063374+00:00,1790340493,RTVP:T:b_268440068_25,ineo-bus:86859,b_268440068_25,65,44.83998489379883,-0.559711754322052,1,1
2026-09-25T12:48:28.063374+00:00,1790340493,RTVP:T:b_268439787_25,ineo-bus:86856,b_268439787_25,469,44.92676544189453,-0.4870354235172272,10,1
2026-09-25T12:48:28.063374+00:00,1790340493,RTVP:T:b_268438229_25,ineo-bus:86855,b_268438229_25,26,44.84552001953125,-0.7818633913993835,25,2
2026-09-25T12:48:28.063374+00:00,1790340493,RTVP:T:t_268437109_25,ineo-tram:1306,t_268437109_25,62,44.89033889770508,-0.6661902070045471,24,2
2026-09-25T12:48:28.063374+00:00,1790340493,RTVP:T:t_268437005_25,ineo-tram:2516,t_268437005_25,62,44.861507415771484,-0.6009817719459534,15,2
2026-09-25T12:48:28.063374+00:00,1790340493,RTVP:T:t_268436447_25,ineo-tram:1307,t_268436447_25,60,44.839534759521484,-0.5781014561653137,20,2
2026-09-25T12:48:28.063374+00:00,1790340493,RTVP:T:t_268437658_25,ineo-tram:2517,t_268437658_25,164,44.83207702636719,-0.5597552061080933,11,2
2026-09-25T12:48:28.063374+00:00,1790340493,RTVP:T:b_268440939_25,ineo-bus:89104,b_268440939_25,85,44.769954681396484,-0.5863364934921265,15,2
2026-09-25T12:48:28.063374+00:00,1790340493,RTVP:T:t_268436420_25,ineo-tram:1304,t_268436420_25,60,44.806175231933594,-0.5999415516853333,13,2
2026-09-25T12:48:28.063374+00:00,1790340493,RTVP:T:b_268440151_25,ineo-bus:89105,b_268440151_25,70,44.88925552368164,-0.6270808577537537,1,1
2026-09-25T12:48:28.063374+00:00,1790340493,RTVP:T:t_268436925_25,ineo-tram:1305,t_268436925_25,62,44.874244689941406,-0.6287977695465088,20,2
2026-09-25T12:48:28.063374+00:00,1790340493,RTVP:T:t_268436727_25,ineo-tram:2515,t_268436727_25,61,44.84379577636719,-0.5728370547294617,18,2
2026-09-25T12:48:28.063374+00:00,1790340493,RTVP:T:t_268436703_25,ineo-tram:1308,t_268436703_25,61,44.88370132446289,-0.5718668699264526,29,2
2026-09-25T12:48:28.063374+00:00,1790340493,RTVP:T:t_268437640_25,ineo-tram:2518,t_268437640_25,164,44.838111877441406,-0.5847874879837036,18,2
2026-09-25T12:48:28.063374+00:00,1790340493,RTVP:T:b_268440813_25,ineo-bus:89585,b_268440813_25,82,44.86505126953125,-0.6105747818946838,33,2
2026-09-25T12:48:28.063374+00:00,1790340493,RTVP:T:t_268436202_25,ineo-tram:1309,t_268436202_25,60,44.83137512207031,-0.5731486678123474,17,1
2026-09-25T12:48:28.063374+00:00,1790340493,RTVP:T:t_268437184_25,ineo-tram:1302,t_268437184_25,62,44.8282585144043,-0.5572206974029541,17,2
2026-09-25T12:48:28.063374+00:00,1790340493,RTVP:T:t_268437233_25,ineo-tram:2512,t_268437233_25,163,44.88755798339844,-0.6097539067268372,27,1
2026-09-25T12:48:28.063374+00:00,1790340493,RTVP:T:t_268437603_25,ineo-tram:1303,t_268437603_25,164,44.82257843017578,-0.5524289608001709,28,1
2026-09-25T12:48:28.063374+00:00,1790340493,RTVP:T:t_268436162_25,ineo-tram:2513,t_268436162_25,60,44.83778762817383,-0.5763813853263855,22,1
2026-09-25T12:48:28.063374+00:00,1790340493,RTVP:T:t_268436303_25,ineo-tram:2511,t_268436303_25,60,44.79420471191406,-0.627994954586029,29,2
2026-09-25T12:48:28.063374+00:00,1790340493,RTVP:T:b_268438135_25,ineo-bus:99033,b_268438135_25,25,44.82270431518555,-0.48607003688812256,32,1
2026-09-25T12:48:28.063374+00:00,1790340493,RTVP:T:b_268439563_25,ineo-bus:99031,b_268439563_25,439,44.83070373535156,-0.7011554837226868,1,1
2026-09-25T12:48:28.063374+00:00,1790340493,RTVP:T:b_268438123_25,ineo-bus:99032,b_268438123_25,25,44.82855987548828,-0.5404087901115417,18,1
2026-09-25T12:48:28.063374+00:00,1790340493,RTVP:T:b_268441841_25,ineo-bus:6902,b_268441841_25,952,44.84150314331055,-0.5634816884994507,1,1
2026-09-25T12:48:28.063374+00:00,1790340493,RTVP:T:b_268441742_25,ineo-bus:6901,b_268441742_25,951,44.870216369628906,-0.540109395980835,2,2
2026-09-25T12:48:28.063374+00:00,1790340493,RTVP:T:b_268441890_25,ineo-bus:6903,b_268441890_25,953,44.83213424682617,-0.5495505332946777,2,2
2026-09-25T12:48:28.063374+00:00,1790340493,RTVP:T:b_268437962_25,ineo-bus:2427,b_268437962_25,24,44.849124908447266,-0.5441383123397827,15,1
2026-09-25T12:48:28.063374+00:00,1790340493,RTVP:T:b_268439686_25,ineo-bus:89117,b_268439686_25,460,44.84394073486328,-0.5308898091316223,45,2
2026-09-25T12:48:28.063374+00:00,1790340493,RTVP:T:t_268437437_25,ineo-tram:2505,t_268437437_25,163,44.853939056396484,-0.5129317045211792,28,2
2026-09-25T12:48:28.063374+00:00,1790340493,RTVP:T:b_268438039_25,ineo-bus:2426,b_268438039_25,24,44.8151969909668,-0.5278800129890442,75,2
2026-09-25T12:48:28.063374+00:00,1790340493,RTVP:T:b_268440724_25,ineo-bus:89115,b_268440724_25,80,44.77843475341797,-0.6096794009208679,10,2
2026-09-25T12:48:28.063374+00:00,1790340493,RTVP:T:b_268438421_25,ineo-bus:89116,b_268438421_25,28,44.83411407470703,-0.5131478905677795,20,2
2026-09-25T12:48:28.063374+00:00,1790340493,RTVP:T:t_268436898_25,ineo-tram:2504,t_268436898_25,62,44.869171142578125,-0.6094456911087036,9,1
2026-09-25T12:48:28.063374+00:00,1790340493,RTVP:T:t_268435568_25,ineo-tram:2509,t_268435568_25,59,44.84585952758789,-0.5506844520568848,28,1
2026-09-25T12:48:28.063374+00:00,1790340493,RTVP:T:b_268437982_25,ineo-bus:2422,b_268437982_25,24,44.836666107177734,-0.5650620460510254,28,1
2026-09-25T12:48:28.063374+00:00,1790340493,RTVP:T:b_268438014_25,ineo-bus:2421,b_268438014_25,24,44.782711029052734,-0.6893892288208008,8,2
2026-09-25T12:48:28.063374+00:00,1790340493,RTVP:T:t_268437028_25,ineo-tram:2507,t_268437028_25,62,44.84157180786133,-0.5696932673454285,17,1
2026-09-25T12:48:28.063374+00:00,1790340493,RTVP:T:t_268436327_25,ineo-tram:2508,t_268436327_25,60,44.86976623535156,-0.5477232933044434,4,2
2026-09-25T12:48:28.063374+00:00,1790340493,RTVP:T:b_268440165_25,ineo-bus:89110,b_268440165_25,71,44.8762321472168,-0.6834585666656494,38,2
2026-09-25T12:48:28.063374+00:00,1790340493,RTVP:T:b_268438386_25,ineo-bus:99026,b_268438386_25,28,44.8404541015625,-0.5604384541511536,1,1
2026-09-25T12:48:28.063374+00:00,1790340493,RTVP:T:b_268438105_25,ineo-bus:99029,b_268438105_25,25,44.860694885253906,-0.5529155731201172,1,1
2026-09-25T12:48:28.063374+00:00,1790340493,RTVP:T:b_268439522_25,ineo-bus:99144,b_268439522_25,39,44.89570236206055,-0.7206621766090393,59,2
2026-09-25T12:48:28.063374+00:00,1790340493,RTVP:T:b_268440872_25,ineo-bus:99025,b_268440872_25,83,44.89237976074219,-0.6680352687835693,1,1
2026-09-25T12:48:28.063374+00:00,1790340493,RTVP:T:b_268438438_25,ineo-bus:99140,b_268438438_25,29,44.92582702636719,-0.48581016063690186,9,2
2026-09-25T12:48:28.063374+00:00,1790340493,RTVP:T:b_268441645_25,ineo-bus:2317,b_268441645_25,911,44.856590270996094,-0.5341057181358337,49,1
2026-09-25T12:48:28.063374+00:00,1790340493,RTVP:T:b_268441611_25,ineo-bus:2316,b_268441611_25,912,44.81352996826172,-0.5550471544265747,36,1
2026-09-25T12:48:28.063374+00:00,1790340493,RTVP:T:b_268441542_25,ineo-bus:2315,b_268441542_25,911,44.82970428466797,-0.5280314683914185,12,2
2026-09-25T12:48:28.063374+00:00,1790340493,RTVP:T:t_268436749_25,ineo-tram:1326,t_268436749_25,61,44.80799865722656,-0.5515069961547852,7,1
2026-09-25T12:48:28.063374+00:00,1790340493,RTVP:T:b_268441557_25,ineo-bus:2314,b_268441557_25,911,44.856380462646484,-0.5341938734054565,1,1
2026-09-25T12:48:28.063374+00:00,1790340493,RTVP:T:b_268441710_25,ineo-bus:2313,b_268441710_25,912,44.83781433105469,-0.5371289253234863,46,2
2026-09-25T12:48:28.063374+00:00,1790340493,RTVP:T:b_268437883_25,ineo-bus:2434,b_268437883_25,24,44.83466720581055,-0.579880952835083,45,2
2026-09-25T12:48:28.063374+00:00,1790340493,RTVP:T:b_268439696_25,ineo-bus:89124,b_268439696_25,460,44.89984893798828,-0.5159849524497986,40,2
2026-09-25T12:48:28.063374+00:00,1790340493,RTVP:T:b_268441657_25,ineo-bus:2312,b_268441657_25,912,44.85820007324219,-0.5378943681716919,4,1
2026-09-25T12:48:28.063374+00:00,1790340493,RTVP:T:b_268437895_25,ineo-bus:2433,b_268437895_25,24,44.78957748413086,-0.7145967483520508,1,1
2026-09-25T12:48:28.063374+00:00,1790340493,RTVP:T:b_268440310_25,ineo-bus:2796,b_268440310_25,73,44.81052017211914,-0.5890911221504211,51,2
2026-09-25T12:48:28.063374+00:00,1790340493,RTVP:T:b_268441669_25,ineo-bus:2311,b_268441669_25,911,44.85879898071289,-0.5896949768066406,36,2
2026-09-25T12:48:28.063374+00:00,1790340493,RTVP:T:b_268439502_25,ineo-bus:89122,b_268439502_25,39,44.771610260009766,-0.6027633547782898,54,2
2026-09-25T12:48:28.063374+00:00,1790340493,RTVP:T:b_268437939_25,ineo-bus:2431,b_268437939_25,24,44.83229064941406,-0.5853277444839478,34,2
2026-09-25T12:48:28.063374+00:00,1790340493,RTVP:T:b_268439742_25,ineo-bus:89120,b_268439742_25,461,45.01242446899414,-0.5356734395027161,40,1
2026-09-25T12:48:28.063374+00:00,1790340493,RTVP:T:t_268437390_25,ineo-tram:1320,t_268437390_25,163,44.84417724609375,-0.5736213326454163,17,1
2026-09-25T12:48:28.063374+00:00,1790340493,RTVP:T:b_268440344_25,ineo-bus:2792,b_268440344_25,73,44.849876403808594,-0.62027907371521,19,1
2026-09-25T12:48:28.063374+00:00,1790340493,RTVP:T:b_268437716_25,ineo-bus:89121,b_268437716_25,22,44.91659164428711,-0.6271114349365234,24,2
2026-09-25T12:48:28.063374+00:00,1790340493,RTVP:T:t_268436827_25,ineo-tram:1324,t_268436827_25,61,44.86714172363281,-0.5758062601089478,24,1
2026-09-25T12:48:28.063374+00:00,1790340493,RTVP:T:t_268437476_25,ineo-tram:1322,t_268437476_25,164,44.83721923828125,-0.5663132667541504,23,1
2026-09-25T12:48:28.063374+00:00,1790340493,RTVP:T:b_268438159_25,ineo-bus:99054,b_268438159_25,25,44.85224914550781,-0.5568788051605225,5,1
2026-09-25T12:48:28.063374+00:00,1790340493,RTVP:T:b_268439597_25,ineo-bus:89119,b_268439597_25,439,44.91165542602539,-0.668915867805481,1,1
2026-09-25T12:48:28.063374+00:00,1790340493,RTVP:T:t_268435549_25,ineo-tram:1317,t_268435549_25,59,44.8349494934082,-0.647487223148346,7,1
2026-09-25T12:48:28.063374+00:00,1790340493,RTVP:T:b_268439235_25,ineo-bus:2327,b_268439235_25,35,44.869964599609375,-0.6352002024650574,62,2
2026-09-25T12:48:28.063374+00:00,1790340493,RTVP:T:b_268441817_25,ineo-bus:6905,b_268441817_25,952,44.8506965637207,-0.565395712852478,3,2
2026-09-25T12:48:28.063374+00:00,1790340493,RTVP:T:t_268436771_25,ineo-tram:1318,t_268436771_25,61,44.780418395996094,-0.5662643909454346,2,2
2026-09-25T12:48:28.063374+00:00,1790340493,RTVP:T:b_268437682_25,ineo-bus:89016,b_268437682_25,22,44.95661926269531,-0.6032613515853882,3,2
2026-09-25T12:48:28.063374+00:00,1790340493,RTVP:T:t_268437256_25,ineo-tram:1315,t_268437256_25,163,44.8719367980957,-0.578101634979248,25,2
2026-09-25T12:48:28.063374+00:00,1790340493,RTVP:T:b_268441589_25,ineo-bus:2325,b_268441589_25,912,44.84843444824219,-0.5975331664085388,20,2
2026-09-25T12:48:28.063374+00:00,1790340493,RTVP:T:b_268441864_25,ineo-bus:6907,b_268441864_25,952,44.85525894165039,-0.5627586841583252,1,1
2026-09-25T12:48:28.063374+00:00,1790340493,RTVP:T:b_268441704_25,ineo-bus:2324,b_268441704_25,911,44.813255310058594,-0.5630063414573669,19,1
2026-09-25T12:48:28.063374+00:00,1790340493,RTVP:T:b_268435675_25,ineo-bus:2687,b_268435675_25,02,44.866790771484375,-0.6376183032989502,25,2
2026-09-25T12:48:28.063374+00:00,1790340493,RTVP:T:b_268441694_25,ineo-bus:2322,b_268441694_25,911,44.831085205078125,-0.5978021621704102,27,2
2026-09-25T12:48:28.063374+00:00,1790340493,RTVP:T:t_268435640_25,ineo-tram:1319,t_268435640_25,59,44.856658935546875,-0.6596815586090088,3,2
2026-09-25T12:48:28.063374+00:00,1790340493,RTVP:T:b_268441624_25,ineo-bus:2320,b_268441624_25,912,44.82966613769531,-0.5960140228271484,26,2
2026-09-25T12:48:28.063374+00:00,1790340493,RTVP:T:t_268435486_25,ineo-tram:1310,t_268435486_25,59,44.86827850341797,-0.5228274464607239,8,2
2026-09-25T12:48:28.063374+00:00,1790340493,RTVP:T:b_268440183_25,ineo-bus:89130,b_268440183_25,71,44.89743423461914,-0.7101753950119019,4,1
2026-09-25T12:48:28.063374+00:00,1790340493,RTVP:T:t_268437524_25,ineo-tram:1313,t_268437524_25,164,44.797935485839844,-0.5533896684646606,1,1
2026-09-25T12:48:28.063374+00:00,1790340493,RTVP:T:t_268437053_25,ineo-tram:1311,t_268437053_25,62,44.824337005615234,-0.5575421452522278,3,2
2026-09-25T12:48:28.063374+00:00,1790340493,RTVP:T:b_268439473_25,ineo-bus:99048,b_268439473_25,39,44.7985954284668,-0.6629250049591064,32,1
2026-09-25T12:48:28.063374+00:00,1790340493,RTVP:T:b_268440858_25,ineo-bus:99045,b_268440858_25,83,44.91315460205078,-0.7380443811416626,10,1
2026-09-25T12:48:28.063374+00:00,1790340493,RTVP:T:b_268437746_25,ineo-bus:99042,b_268437746_25,22,44.95541763305664,-0.5989189743995667,1,1
2026-09-25T12:48:28.063374+00:00,1790340493,RTVP:T:b_268440916_25,ineo-bus:99043,b_268440916_25,84,44.88605880737305,-0.6747090816497803,14,2
2026-09-25T12:48:28.063374+00:00,1790340493,RTVP:T:b_268441571_25,ineo-bus:2319,b_268441571_25,912,44.812557220458984,-0.5595182180404663,35,2
2026-09-25T12:48:28.063374+00:00,1790340493,RTVP:T:b_268441502_25,ineo-bus:2318,b_268441502_25,911,44.8692626953125,-0.5659922957420349,41,1
2026-09-25T12:48:28.063374+00:00,1790340493,RTVP:T:b_268438247_25,ineo-bus:1128,b_268438247_25,27,44.856971740722656,-0.5476493835449219,9,1
2026-09-25T12:48:28.063374+00:00,1790340493,RTVP:T:b_268438864_25,ineo-bus:1129,b_268438864_25,32,44.86414337158203,-0.5242658257484436,26,2
2026-09-25T12:48:28.063374+00:00,1790340493,RTVP:T:b_268437553_25,ineo-bus:1126,b_268437553_25,20,44.832698822021484,-0.6024400591850281,1,1
2026-09-25T12:48:28.063374+00:00,1790340493,RTVP:T:b_268438839_25,ineo-bus:1127,b_268438839_25,32,44.84613800048828,-0.5102013349533081,1,1
2026-09-25T12:48:28.063374+00:00,1790340493,RTVP:T:b_268436834_25,ineo-bus:2336,b_268436834_25,09,44.872955322265625,-0.5592687129974365,4,1
2026-09-25T12:48:28.063374+00:00,1790340493,RTVP:T:b_268438265_25,ineo-bus:1124,b_268438265_25,27,44.855552673339844,-0.48550018668174744,34,2
2026-09-25T12:48:28.063374+00:00,1790340493,RTVP:T:b_268435651_25,ineo-bus:2335,b_268435651_25,01,44.823646545410156,-0.5441133379936218,40,2
2026-09-25T12:48:28.063374+00:00,1790340493,RTVP:T:b_268437698_25,ineo-bus:89025,b_268437698_25,22,44.907257080078125,-0.6217136383056641,1,1
2026-09-25T12:48:28.063374+00:00,1790340493,RTVP:T:b_268435640_25,ineo-bus:2334,b_268435640_25,01,44.82487487792969,-0.5335913896560669,14,2
2026-09-25T12:48:28.063374+00:00,1790340493,RTVP:T:b_268440254_25,ineo-bus:89026,b_268440254_25,72,44.880218505859375,-0.6277896761894226,20,2
2026-09-25T12:48:28.063374+00:00,1790340493,RTVP:T:b_268439986_25,ineo-bus:1122,b_268439986_25,66,44.865047454833984,-0.5218515396118164,2,2
2026-09-25T12:48:28.063374+00:00,1790340493,RTVP:T:b_268436810_25,ineo-bus:2454,b_268436810_25,09,44.83441162109375,-0.5989019274711609,18,1
2026-09-25T12:48:28.063374+00:00,1790340493,RTVP:T:b_268436852_25,ineo-bus:2332,b_268436852_25,09,44.83603286743164,-0.5988413691520691,17,1
2026-09-25T12:48:28.063374+00:00,1790340493,RTVP:T:b_268440237_25,ineo-bus:89024,b_268440237_25,72,44.87446594238281,-0.6512603163719177,19,2
2026-09-25T12:48:28.063374+00:00,1790340493,RTVP:T:b_268440126_25,ineo-bus:89021,b_268440126_25,70,44.83949661254883,-0.5848380327224731,1,1
2026-09-25T12:48:28.063374+00:00,1790340493,RTVP:T:b_268438824_25,ineo-bus:1121,b_268438824_25,32,44.87930679321289,-0.5203762650489807,24,2
2026-09-25T12:48:28.063374+00:00,1790340493,RTVP:T:b_268441635_25,ineo-bus:2330,b_268441635_25,911,44.84605026245117,-0.535405695438385,3,1
2026-09-25T12:48:28.063374+00:00,1790340493,RTVP:T:b_268437733_25,ineo-bus:89022,b_268437733_25,22,44.918846130371094,-0.6251388192176819,14,2
2026-09-25T12:48:28.063374+00:00,1790340493,RTVP:T:b_268441517_25,ineo-bus:2329,b_268441517_25,912,44.86804962158203,-0.5708959698677063,12,1
2026-09-25T12:48:28.063374+00:00,1790340493,RTVP:T:b_268440051_25,ineo-bus:1139,b_268440051_25,64,44.864776611328125,-0.525230884552002,1,1
2026-09-25T12:48:28.063374+00:00,1790340493,RTVP:T:b_268438853_25,ineo-bus:1137,b_268438853_25,32,44.86143112182617,-0.523335337638855,11,1
2026-09-25T12:48:28.063374+00:00,1790340493,RTVP:T:b_268438367_25,ineo-bus:89038,b_268438367_25,28,44.84909439086914,-0.5441998243331909,1,1
2026-09-25T12:48:28.063374+00:00,1790340493,RTVP:T:t_268437679_25,ineo-tram:2305,t_268437679_25,164,44.83121109008789,-0.6419121623039246,7,2
2026-09-25T12:48:28.063374+00:00,1790340493,RTVP:T:b_268440608_25,ineo-bus:89039,b_268440608_25,77,44.7935791015625,-0.6343593001365662,1,1
2026-09-25T12:48:28.063374+00:00,1790340493,RTVP:T:t_268435604_25,ineo-tram:2306,t_268435604_25,59,44.826576232910156,-0.6199802160263062,12,1
2026-09-25T12:48:28.063374+00:00,1790340493,RTVP:T:b_268438893_25,ineo-bus:1135,b_268438893_25,32,44.883453369140625,-0.52004075050354,12,2
2026-09-25T12:48:28.063374+00:00,1790340493,RTVP:T:b_268437615_25,ineo-bus:1136,b_268437615_25,20,44.81502151489258,-0.6799508333206177,1,1
2026-09-25T12:48:28.063374+00:00,1790340493,RTVP:T:b_268440617_25,ineo-bus:89037,b_268440617_25,77,44.800960540771484,-0.6685605645179749,32,2
2026-09-25T12:48:28.063374+00:00,1790340493,RTVP:T:b_268436977_25,ineo-bus:2465,b_268436977_25,09,44.81853485107422,-0.5787261128425598,25,2
2026-09-25T12:48:28.063374+00:00,1790340493,RTVP:T:b_268438487_25,ineo-bus:89034,b_268438487_25,29,44.891021728515625,-0.5084331631660461,2,2
2026-09-25T12:48:28.063374+00:00,1790340493,RTVP:T:b_268439173_25,ineo-bus:2343,b_268439173_25,35,44.87334442138672,-0.5763156414031982,2,1
2026-09-25T12:48:28.063374+00:00,1790340493,RTVP:T:b_268436923_25,ineo-bus:2464,b_268436923_25,09,44.82188415527344,-0.5637184381484985,31,2
2026-09-25T12:48:28.063374+00:00,1790340493,RTVP:T:b_268438407_25,ineo-bus:89035,b_268438407_25,28,44.8367805480957,-0.5114781856536865,15,2
2026-09-25T12:48:28.063374+00:00,1790340493,RTVP:T:t_268435795_25,ineo-tram:2541,t_268435795_25,59,44.834861755371094,-0.5888864398002625,14,1
2026-09-25T12:48:28.063374+00:00,1790340493,RTVP:T:b_268438002_25,ineo-bus:1132,b_268438002_25,24,44.80246353149414,-0.6635187864303589,59,2
2026-09-25T12:48:28.063374+00:00,1790340493,RTVP:T:b_268438956_25,ineo-bus:89033,b_268438956_25,33,44.8739128112793,-0.5768841505050659,53,2
2026-09-25T12:48:28.063374+00:00,1790340493,RTVP:T:t_268437274_25,ineo-tram:2542,t_268437274_25,163,44.840511322021484,-0.5595173239707947,14,2
2026-09-25T12:48:28.063374+00:00,1790340493,RTVP:T:b_268439109_25,ineo-bus:2340,b_268439109_25,35,44.87485885620117,-0.5623553395271301,1,1
2026-09-25T12:48:28.063374+00:00,1790340493,RTVP:T:b_268438319_25,ineo-bus:1130,b_268438319_25,27,44.86469650268555,-0.5252384543418884,1,1
2026-09-25T12:48:28.063374+00:00,1790340493,RTVP:T:t_268435695_25,ineo-tram:2303,t_268435695_25,59,44.83626937866211,-0.5816044807434082,20,1
2026-09-25T12:48:28.063374+00:00,1790340493,RTVP:T:t_268435654_25,ineo-tram:2304,t_268435654_25,59,44.84954833984375,-0.5447477102279663,13,2
2026-09-25T12:48:28.063374+00:00,1790340493,RTVP:T:t_268436285_25,ineo-tram:2546,t_268436285_25,60,44.8383674621582,-0.5768995881080627,13,2
2026-09-25T12:48:28.063374+00:00,1790340493,RTVP:T:b_268440113_25,ineo-bus:79119,b_268440113_25,70,44.88222122192383,-0.6114009022712708,14,2
2026-09-25T12:48:28.063374+00:00,1790340493,RTVP:T:t_268436361_25,ineo-tram:2302,t_268436361_25,60,44.87453842163086,-0.5456294417381287,33,1
2026-09-25T12:48:28.063374+00:00,1790340493,RTVP:T:t_268437710_25,ineo-tram:2544,t_268437710_25,164,44.83396911621094,-0.6687792539596558,31,1
2026-09-25T12:48:28.063374+00:00,1790340493,RTVP:T:t_268437547_25,ineo-tram:2219,t_268437547_25,164,44.835689544677734,-0.6815714836120605,3,1
2026-09-25T12:48:28.063374+00:00,1790340493,RTVP:T:b_268441028_25,ineo-bus:1148,b_268441028_25,87,44.759765625,-0.582587480545044,4,2
2026-09-25T12:48:28.063374+00:00,1790340493,RTVP:T:b_268441101_25,ineo-bus:2359,b_268441101_25,901,44.82745361328125,-0.5493686199188232,2,2
2026-09-25T12:48:28.063374+00:00,1790340493,RTVP:T:t_268436242_25,ineo-tram:2217,t_268436242_25,60,44.789180755615234,-0.6518949866294861,32,2
2026-09-25T12:48:28.063374+00:00,1790340493,RTVP:T:t_268436796_25,ineo-tram:2218,t_268436796_25,61,44.84852981567383,-0.5752668380737305,12,2
2026-09-25T12:48:28.063374+00:00,1790340493,RTVP:T:b_268441267_25,ineo-bus:2357,b_268441267_25,901,44.89554977416992,-0.7247098684310913,37,2
2026-09-25T12:48:28.063374+00:00,1790340493,RTVP:T:b_268440030_25,ineo-bus:1147,b_268440030_25,64,44.85963439941406,-0.4978039860725403,7,1
2026-09-25T12:48:28.063374+00:00,1790340493,RTVP:T:b_268441381_25,ineo-bus:2356,b_268441381_25,901,44.837005615234375,-0.5811194777488708,9,1
2026-09-25T12:48:28.063374+00:00,1790340493,RTVP:T:b_268440088_25,ineo-bus:79120,b_268440088_25,70,44.88938903808594,-0.6293589472770691,34,2
2026-09-25T12:48:28.063374+00:00,1790340493,RTVP:T:b_268441355_25,ineo-bus:2355,b_268441355_25,901,44.84858322143555,-0.5984171032905579,14,1
2026-09-25T12:48:28.063374+00:00,1790340493,RTVP:T:b_268438535_25,ineo-bus:79122,b_268438535_25,30,44.86533737182617,-0.7074702382087708,1,1
2026-09-25T12:48:28.063374+00:00,1790340493,RTVP:T:b_268438330_25,ineo-bus:1142,b_268438330_25,27,44.866111755371094,-0.5753224492073059,45,2
2026-09-25T12:48:28.063374+00:00,1790340493,RTVP:T:b_268441193_25,ineo-bus:2353,b_268441193_25,901,44.90517807006836,-0.7146703004837036,3,2
2026-09-25T12:48:28.063374+00:00,1790340493,RTVP:T:b_268438507_25,ineo-bus:79123,b_268438507_25,30,44.86541748046875,-0.707792341709137,1,1
2026-09-25T12:48:28.063374+00:00,1790340493,RTVP:T:t_268436581_25,ineo-tram:2211,t_268436581_25,60,44.846946716308594,-0.5720874667167664,10,2
2026-09-25T12:48:28.063374+00:00,1790340493,RTVP:T:b_268438905_25,ineo-bus:1143,b_268438905_25,32,44.87605667114258,-0.5518983602523804,3,2
2026-09-25T12:48:28.063374+00:00,1790340493,RTVP:T:b_268441467_25,ineo-bus:2352,b_268441467_25,901,44.86981964111328,-0.6737344861030579,28,2
2026-09-25T12:48:28.063374+00:00,1790340493,RTVP:T:t_268435588_25,ineo-tram:2212,t_268435588_25,59,44.85010528564453,-0.6558713316917419,38,1
2026-09-25T12:48:28.063374+00:00,1790340493,RTVP:T:b_268440007_25,ineo-bus:1141,b_268440007_25,67,44.87275314331055,-0.4833240807056427,12,2
2026-09-25T12:48:28.063374+00:00,1790340493,RTVP:T:b_268440762_25,ineo-bus:89040,b_268440762_25,80,44.83551788330078,-0.5844066739082336,37,2
2026-09-25T12:48:28.063374+00:00,1790340493,RTVP:T:t_268435936_25,ineo-tram:2216,t_268435936_25,59,44.88615798950195,-0.519170880317688,2,2
2026-09-25T12:48:28.063374+00:00,1790340493,RTVP:T:t_268435501_25,ineo-tram:2214,t_268435501_25,59,44.834529876708984,-0.5896252989768982,18,2
2026-09-25T12:48:28.063374+00:00,1790340493,RTVP:T:b_268441167_25,ineo-bus:2369,b_268441167_25,901,44.890350341796875,-0.7071329355239868,34,2
2026-09-25T12:48:28.063374+00:00,1790340493,RTVP:T:t_268435854_25,ineo-tram:2207,t_268435854_25,59,44.83745193481445,-0.575675904750824,10,2
2026-09-25T12:48:28.063374+00:00,1790340493,RTVP:T:b_268441237_25,ineo-bus:2368,b_268441237_25,901,44.91278076171875,-0.7371567487716675,1,1
2026-09-25T12:48:28.063374+00:00,1790340493,RTVP:T:b_268440749_25,ineo-bus:89058,b_268440749_25,80,44.801082611083984,-0.6096409559249878,17,1
2026-09-25T12:48:28.063374+00:00,1790340493,RTVP:T:b_268441367_25,ineo-bus:2367,b_268441367_25,901,44.82778549194336,-0.5499721765518188,1,1
2026-09-25T12:48:28.063374+00:00,1790340493,RTVP:T:b_268441430_25,ineo-bus:2366,b_268441430_25,901,44.845890045166016,-0.5954064130783081,31,2
2026-09-25T12:48:28.063374+00:00,1790340493,RTVP:T:b_268441155_25,ineo-bus:2365,b_268441155_25,901,44.8574333190918,-0.620969295501709,29,2
2026-09-25T12:48:28.063374+00:00,1790340493,RTVP:T:b_268439721_25,ineo-bus:79012,b_268439721_25,461,44.95934295654297,-0.5182713270187378,1,1
2026-09-25T12:48:28.063374+00:00,1790340493,RTVP:T:b_268439487_25,ineo-bus:89057,b_268439487_25,39,44.77617263793945,-0.591667890548706,8,2
2026-09-25T12:48:28.063374+00:00,1790340493,RTVP:T:b_268438545_25,ineo-bus:79136,b_268438545_25,30,44.81650161743164,-0.7053102254867554,34,2
2026-09-25T12:48:28.063374+00:00,1790340493,RTVP:T:b_268441178_25,ineo-bus:2361,b_268441178_25,901,44.83470153808594,-0.5804279446601868,39,2
2026-09-25T12:48:28.063374+00:00,1790340493,RTVP:T:b_268438521_25,ineo-bus:79016,b_268438521_25,30,44.821170806884766,-0.6657524108886719,15,2
2026-09-25T12:48:28.063374+00:00,1790340493,RTVP:T:b_268441406_25,ineo-bus:2360,b_268441406_25,901,44.82725524902344,-0.5507492423057556,2,1
2026-09-25T12:48:28.063374+00:00,1790340493,RTVP:T:b_268440205_25,ineo-bus:79138,b_268440205_25,71,44.89400100708008,-0.7444270253181458,34,2
2026-09-25T12:48:28.063374+00:00,1790340493,RTVP:T:t_268436379_25,ineo-tram:2204,t_268436379_25,60,44.835514068603516,-0.5753120183944702,15,1
2026-09-25T12:48:28.063374+00:00,1790340493,RTVP:T:t_268436477_25,ineo-tram:2202,t_268436477_25,60,44.79389572143555,-0.6584162712097168,2,2
2026-09-25T12:48:28.063374+00:00,1790340493,RTVP:T:b_268437320_25,ineo-bus:1722,b_268437320_25,15,44.85366439819336,-0.5726162195205688,36,2
2026-09-25T12:48:28.063374+00:00,1790340493,RTVP:T:b_268437809_25,ineo-bus:1723,b_268437809_25,23,44.8068733215332,-0.5917572975158691,26,2
2026-09-25T12:48:28.063374+00:00,1790340493,RTVP:T:b_268436628_25,ineo-bus:1720,b_268436628_25,07,44.92759323120117,-0.4916667342185974,8,2
2026-09-25T12:48:28.063374+00:00,1790340493,RTVP:T:b_268437156_25,ineo-bus:1721,b_268437156_25,15,44.881900787353516,-0.5645138025283813,1,1
2026-09-25T12:48:28.063374+00:00,1790340493,RTVP:T:t_268437694_25,ineo-tram:1827,t_268437694_25,164,44.83313751220703,-0.6973007321357727,34,2
2026-09-25T12:48:28.063374+00:00,1790340493,RTVP:T:t_268435676_25,ineo-tram:1828,t_268435676_25,59,44.8430061340332,-0.5553683638572693,13,1
2026-09-25T12:48:28.063374+00:00,1790340493,RTVP:T:b_268437277_25,ineo-bus:1719,b_268437277_25,15,44.84990692138672,-0.5750504732131958,30,2
2026-09-25T12:48:28.063374+00:00,1790340493,RTVP:T:b_268436564_25,ineo-bus:1717,b_268436564_25,07,44.862606048583984,-0.5565847158432007,14,1
2026-09-25T12:48:28.063374+00:00,1790340493,RTVP:T:b_268436425_25,ineo-bus:1718,b_268436425_25,07,44.8663215637207,-0.575589120388031,48,2
2026-09-25T12:48:28.063374+00:00,1790340493,RTVP:T:b_268438731_25,ineo-bus:1715,b_268438731_25,31,44.80877685546875,-0.587549090385437,22,1
2026-09-25T12:48:28.063374+00:00,1790340493,RTVP:T:b_268438741_25,ineo-bus:1713,b_268438741_25,31,44.9094352722168,-0.5152922868728638,44,2
2026-09-25T12:48:28.063374+00:00,1790340493,RTVP:T:b_268437864_25,ineo-bus:1612,b_268437864_25,23,44.873497009277344,-0.6299534440040588,1,1
2026-09-25T12:48:28.063374+00:00,1790340493,RTVP:T:b_268437239_25,ineo-bus:1610,b_268437239_25,15,44.79617691040039,-0.557404637336731,13,1
2026-09-25T12:48:28.063374+00:00,1790340493,RTVP:T:b_268437202_25,ineo-bus:1611,b_268437202_25,15,44.880699157714844,-0.5917426347732544,52,1
2026-09-25T12:48:28.063374+00:00,1790340493,RTVP:T:b_268436552_25,ineo-bus:1608,b_268436552_25,07,44.935489654541016,-0.48010489344596863,53,2
2026-09-25T12:48:28.063374+00:00,1790340493,RTVP:T:b_268437303_25,ineo-bus:1726,b_268437303_25,15,44.85909652709961,-0.5897139310836792,32,1
2026-09-25T12:48:28.063374+00:00,1790340493,RTVP:T:b_268436500_25,ineo-bus:1727,b_268436500_25,07,44.88679504394531,-0.5196037292480469,30,2
2026-09-25T12:48:28.063374+00:00,1790340493,RTVP:T:b_268437255_25,ineo-bus:1603,b_268437255_25,15,44.8311767578125,-0.5743390917778015,36,1
2026-09-25T12:48:28.063374+00:00,1790340493,RTVP:T:b_268437142_25,ineo-bus:1604,b_268437142_25,15,44.773983001708984,-0.5282790064811707,1,1
2026-09-25T12:48:28.063374+00:00,1790340493,RTVP:T:b_268438761_25,ineo-bus:1725,b_268438761_25,31,44.9056510925293,-0.49551281332969666,62,2
2026-09-25T12:48:28.063374+00:00,1790340493,RTVP:T:b_268437917_25,ineo-bus:1502,b_268437917_25,24,44.842350006103516,-0.543748676776886,58,1
2026-09-25T12:48:28.063374+00:00,1790340493,RTVP:T:b_268436466_25,ineo-bus:1623,b_268436466_25,07,44.88189697265625,-0.5642728805541992,1,1
2026-09-25T12:48:28.063374+00:00,1790340493,RTVP:T:b_268439153_25,ineo-bus:1865,b_268439153_25,35,44.824378967285156,-0.5573169589042664,1,1
2026-09-25T12:48:28.063374+00:00,1790340493,RTVP:T:b_268437800_25,ineo-bus:2713,b_268437800_25,23,44.85247802734375,-0.5926228761672974,47,2
2026-09-25T12:48:28.063374+00:00,1790340493,RTVP:T:t_268437730_25,ineo-tram:1845,t_268437730_25,164,44.82913589477539,-0.6095443964004517,23,2
2026-09-25T12:48:28.063374+00:00,1790340493,RTVP:T:b_268438710_25,ineo-bus:1624,b_268438710_25,31,44.78813552856445,-0.6115174889564514,10,1
2026-09-25T12:48:28.063374+00:00,1790340493,RTVP:T:b_268438649_25,ineo-bus:1866,b_268438649_25,31,44.84176254272461,-0.5458016395568848,40,2
2026-09-25T12:48:28.063374+00:00,1790340493,RTVP:T:t_268436085_25,ineo-tram:1846,t_268436085_25,60,44.85849380493164,-0.5577813386917114,7,2
2026-09-25T12:48:28.063374+00:00,1790340493,RTVP:T:b_268437019_25,ineo-bus:1863,b_268437019_25,09,44.82438278198242,-0.5572411417961121,1,1
2026-09-25T12:48:28.063374+00:00,1790340493,RTVP:T:t_268436138_25,ineo-tram:1843,t_268436138_25,60,44.866764068603516,-0.5486233234405518,28,1
2026-09-25T12:48:28.063374+00:00,1790340493,RTVP:T:b_268437662_25,ineo-bus:1501,b_268437662_25,20,44.828636169433594,-0.6027238965034485,33,1
2026-09-25T12:48:28.063374+00:00,1790340493,RTVP:T:b_268439309_25,ineo-bus:1864,b_268439309_25,35,44.81728744506836,-0.5482576489448547,76,2
2026-09-25T12:48:28.063374+00:00,1790340493,RTVP:T:b_268439200_25,ineo-bus:1861,b_268439200_25,35,44.79362106323242,-0.5838853716850281,60,1
2026-09-25T12:48:28.063374+00:00,1790340493,RTVP:T:t_268437332_25,ineo-tram:1849,t_268437332_25,163,44.85329818725586,-0.5081024169921875,3,2
2026-09-25T12:48:28.063374+00:00,1790340493,RTVP:T:b_268436438_25,ineo-bus:1620,b_268436438_25,07,44.87433624267578,-0.5707257390022278,6,1
2026-09-25T12:48:28.063374+00:00,1790340493,RTVP:T:b_268437790_25,ineo-bus:1862,b_268437790_25,23,44.792274475097656,-0.5613468289375305,11,2
2026-09-25T12:48:28.063374+00:00,1790340493,RTVP:T:t_268437210_25,ineo-tram:1847,t_268437210_25,163,44.88729476928711,-0.6097877025604248,3,1
2026-09-25T12:48:28.063374+00:00,1790340493,RTVP:T:t_268435709_25,ineo-tram:1848,t_268435709_25,59,44.83262634277344,-0.6449171900749207,33,1
2026-09-25T12:48:28.063374+00:00,1790340493,RTVP:T:t_268436037_25,ineo-tram:1841,t_268436037_25,60,44.80327224731445,-0.6069837212562561,26,2
2026-09-25T12:48:28.063374+00:00,1790340493,RTVP:T:t_268437568_25,ineo-tram:1842,t_268437568_25,164,44.830291748046875,-0.6337590217590332,27,1
2026-09-25T12:48:28.063374+00:00,1790340493,RTVP:T:t_268435905_25,ineo-tram:1840,t_268435905_25,59,44.83731460571289,-0.5770859122276306,22,1
2026-09-25T12:48:28.063374+00:00,1790340493,RTVP:T:b_268438772_25,ineo-bus:1619,b_268438772_25,31,45.011497497558594,-0.5393122434616089,1,1
2026-09-25T12:48:28.063374+00:00,1790340493,RTVP:T:b_268437227_25,ineo-bus:1617,b_268437227_25,15,44.829891204833984,-0.5683932900428772,37,2
2026-09-25T12:48:28.063374+00:00,1790340493,RTVP:T:b_268436511_25,ineo-bus:1614,b_268436511_25,07,44.90043640136719,-0.5076906681060791,21,2
2026-09-25T12:48:28.063374+00:00,1790340493,RTVP:T:b_268437095_25,ineo-bus:1615,b_268437095_25,15,44.84036636352539,-0.5808398723602295,32,2
2026-09-25T12:48:28.063374+00:00,1790340493,RTVP:T:b_268435522_25,ineo-bus:1876,b_268435522_25,01,44.83735656738281,-0.5938721299171448,27,1
2026-09-25T12:48:28.063374+00:00,1790340493,RTVP:T:t_268436976_25,ineo-tram:1834,t_268436976_25,62,44.873931884765625,-0.6281817555427551,1,1
2026-09-25T12:48:28.063374+00:00,1790340493,RTVP:T:b_268440695_25,ineo-bus:1514,b_268440695_25,78,44.82613754272461,-0.6253977417945862,1,1
2026-09-25T12:48:28.063374+00:00,1790340493,RTVP:T:b_268437126_25,ineo-bus:1635,b_268437126_25,15,44.82223892211914,-0.5658051371574402,25,2
2026-09-25T12:48:28.063374+00:00,1790340493,RTVP:T:b_268436999_25,ineo-bus:1877,b_268436999_25,09,44.82072067260742,-0.5818540453910828,11,2
2026-09-25T12:48:28.063374+00:00,1790340493,RTVP:T:t_268436060_25,ineo-tram:1835,t_268436060_25,60,44.880496978759766,-0.542748212814331,2,2
2026-09-25T12:48:28.063374+00:00,1790340493,RTVP:T:t_268435886_25,ineo-tram:2803,t_268435886_25,59,44.84562683105469,-0.5511764883995056,5,2
2026-09-25T12:48:28.063374+00:00,1790340493,RTVP:T:b_268437173_25,ineo-bus:1632,b_268437173_25,15,44.83157730102539,-0.5758970975875854,29,2
2026-09-25T12:48:28.063374+00:00,1790340493,RTVP:T:b_268435587_25,ineo-bus:1874,b_268435587_25,01,44.8399772644043,-0.5850712656974792,30,1
2026-09-25T12:48:28.063374+00:00,1790340493,RTVP:T:t_268436843_25,ineo-tram:1832,t_268436843_25,61,44.829036712646484,-0.5584732890129089,13,1
2026-09-25T12:48:28.063374+00:00,1790340493,RTVP:T:b_268437112_25,ineo-bus:1633,b_268437112_25,15,44.87712097167969,-0.5911839604377747,15,2
2026-09-25T12:48:28.063374+00:00,1790340493,RTVP:T:b_268435571_25,ineo-bus:1875,b_268435571_25,01,44.84304428100586,-0.5118064880371094,49,2
2026-09-25T12:48:28.063374+00:00,1790340493,RTVP:T:t_268437082_25,ineo-tram:1833,t_268437082_25,62,44.88633346557617,-0.6573830246925354,3,2
2026-09-25T12:48:28.063374+00:00,1790340493,RTVP:T:t_268437351_25,ineo-tram:2801,t_268437351_25,163,44.85917282104492,-0.5300739407539368,23,2
2026-09-25T12:48:28.063374+00:00,1790340493,RTVP:T:b_268437818_25,ineo-bus:1630,b_268437818_25,23,44.806758880615234,-0.5899776220321655,37,2
2026-09-25T12:48:28.063374+00:00,1790340493,RTVP:T:b_268435833_25,ineo-bus:1872,b_268435833_25,02,44.85142135620117,-0.6095839142799377,11,2
2026-09-25T12:48:28.063374+00:00,1790340493,RTVP:T:t_268437133_25,ineo-tram:1838,t_268437133_25,62,44.83810043334961,-0.567306399345398,8,2
2026-09-25T12:48:28.063374+00:00,1790340493,RTVP:T:b_268435538_25,ineo-bus:1873,b_268435538_25,01,44.846797943115234,-0.691434919834137,3,2
2026-09-25T12:48:28.063374+00:00,1790340493,RTVP:T:t_268436812_25,ineo-tram:1839,t_268436812_25,61,44.87273406982422,-0.5765048861503601,6,2
2026-09-25T12:48:28.063374+00:00,1790340493,RTVP:T:t_268435774_25,ineo-tram:1836,t_268435774_25,59,44.8800163269043,-0.5179489254951477,38,2
2026-09-25T12:48:28.063374+00:00,1790340493,RTVP:T:t_268436397_25,ineo-tram:2804,t_268436397_25,60,44.81309509277344,-0.5897114872932434,16,2
2026-09-25T12:48:28.063374+00:00,1790340493,RTVP:T:b_268437029_25,ineo-bus:1871,b_268437029_25,09,44.8648567199707,-0.5782837867736816,26,1
2026-09-25T12:48:28.063374+00:00,1790340493,RTVP:T:t_268435619_25,ineo-tram:1837,t_268435619_25,59,44.82661437988281,-0.6199951767921448,29,1
2026-09-25T12:48:28.063374+00:00,1790340493,RTVP:T:t_268436015_25,ineo-tram:1830,t_268436015_25,60,44.84193801879883,-0.5773804783821106,13,2
2026-09-25T12:48:28.063374+00:00,1790340493,RTVP:T:t_268437371_25,ineo-tram:1831,t_268437371_25,163,44.84553527832031,-0.5753800868988037,13,2
2026-09-25T12:48:28.063374+00:00,1790340493,RTVP:T:b_268441000_25,ineo-bus:1508,b_268441000_25,87,44.802730560302734,-0.6147091388702393,29,2
2026-09-25T12:48:28.063374+00:00,1790340493,RTVP:T:b_268438674_25,ineo-bus:1629,b_268438674_25,31,44.80154800415039,-0.5942144393920898,30,2
2026-09-25T12:48:28.063374+00:00,1790340493,RTVP:T:t_268436112_25,ineo-tram:1829,t_268436112_25,60,44.79385757446289,-0.6371492147445679,6,2
2026-09-25T12:48:28.063374+00:00,1790340493,RTVP:T:b_268437580_25,ineo-bus:1509,b_268437580_25,20,44.827877044677734,-0.5930120944976807,12,2
2026-09-25T12:48:28.063374+00:00,1790340493,RTVP:T:b_268437872_25,ineo-bus:1869,b_268437872_25,23,44.791419982910156,-0.5310699939727783,1,1
2026-09-25T12:48:28.063374+00:00,1790340493,RTVP:T:b_268437604_25,ineo-bus:1507,b_268437604_25,20,44.81413650512695,-0.5568329691886902,1,1
2026-09-25T12:48:28.063374+00:00,1790340493,RTVP:T:b_268437832_25,ineo-bus:1628,b_268437832_25,23,44.850616455078125,-0.5837997198104858,1,1
2026-09-25T12:48:28.063374+00:00,1790340493,RTVP:T:b_268440428_25,ineo-bus:1504,b_268440428_25,74,44.79637908935547,-0.6482235193252563,14,2
2026-09-25T12:48:28.063374+00:00,1790340493,RTVP:T:b_268438685_25,ineo-bus:1625,b_268438685_25,31,44.84662628173828,-0.5413708686828613,6,2
2026-09-25T12:48:28.063374+00:00,1790340493,RTVP:T:b_268439138_25,ineo-bus:1867,b_268439138_25,35,44.869659423828125,-0.5760300159454346,1,1
2026-09-25T12:48:28.063374+00:00,1790340493,RTVP:T:b_268436606_25,ineo-bus:2715,b_268436606_25,07,44.859657287597656,-0.5397600531578064,39,1
2026-09-25T12:48:28.063374+00:00,1790340493,RTVP:T:b_268437288_25,ineo-bus:1626,b_268437288_25,15,44.79893112182617,-0.5420099496841431,55,1
2026-09-25T12:48:28.063374+00:00,1790340493,RTVP:T:b_268435560_25,ineo-bus:1868,b_268435560_25,01,44.842750549316406,-0.6714181303977966,47,2
2026-09-25T12:48:28.063374+00:00,1790340493,RTVP:T:b_268438631_25,ineo-bus:1403,b_268438631_25,31,44.78611755371094,-0.6101222038269043,39,2
2026-09-25T12:48:28.063374+00:00,1790340493,RTVP:T:b_268435744_25,ineo-bus:1404,b_268435744_25,02,44.892295837402344,-0.6681185364723206,1,1
2026-09-25T12:48:28.063374+00:00,1790340493,RTVP:T:b_268439225_25,ineo-bus:1888,b_268439225_25,35,44.87496566772461,-0.5794482827186584,80,2
2026-09-25T12:48:28.063374+00:00,1790340493,RTVP:T:b_268437398_25,ineo-bus:2855,b_268437398_25,16,44.85565948486328,-0.6588307619094849,1,1
2026-09-25T12:48:28.063374+00:00,1790340493,RTVP:T:b_268435761_25,ineo-bus:1401,b_268435761_25,02,44.84531784057617,-0.5778873562812805,3,2
2026-09-25T12:48:28.063374+00:00,1790340493,RTVP:T:b_268436959_25,ineo-bus:1885,b_268436959_25,09,44.82754898071289,-0.558530867099762,3,2
2026-09-25T12:48:28.063374+00:00,1790340493,RTVP:T:b_268436019_25,ineo-bus:2854,b_268436019_25,04,44.79584503173828,-0.6674162745475769,11,1
2026-09-25T12:48:28.063374+00:00,1790340493,RTVP:T:b_268435662_25,ineo-bus:1402,b_268435662_25,01,44.827415466308594,-0.5573194026947021,16,1
2026-09-25T12:48:28.063374+00:00,1790340493,RTVP:T:b_268441014_25,ineo-bus:1523,b_268441014_25,87,44.798885345458984,-0.5862593650817871,13,1
2026-09-25T12:48:28.063374+00:00,1790340493,RTVP:T:b_268436053_25,ineo-bus:2853,b_268436053_25,04,44.792781829833984,-0.68115234375,1,1
2026-09-25T12:48:28.063374+00:00,1790340493,RTVP:T:b_268439058_25,ineo-bus:1520,b_268439058_25,34,44.80601501464844,-0.6492292881011963,20,2
2026-09-25T12:48:28.063374+00:00,1790340493,RTVP:T:b_268440361_25,ineo-bus:1521,b_268440361_25,74,44.774925231933594,-0.6420227885246277,26,1
2026-09-25T12:48:28.063374+00:00,1790340493,RTVP:T:b_268435912_25,ineo-bus:2851,b_268435912_25,04,44.80427551269531,-0.6369627714157104,16,1
2026-09-25T12:48:28.063374+00:00,1790340493,RTVP:T:b_268435465_25,ineo-bus:1881,b_268435465_25,01,44.84121322631836,-0.6439670324325562,14,1
2026-09-25T12:48:28.063374+00:00,1790340493,RTVP:T:b_268436871_25,ineo-bus:1882,b_268436871_25,09,44.874629974365234,-0.5551540851593018,31,2
2026-09-25T12:48:28.063374+00:00,1790340493,RTVP:T:b_268439163_25,ineo-bus:1880,b_268439163_25,35,44.8336296081543,-0.647908091545105,33,2
2026-09-25T12:48:28.063374+00:00,1790340493,RTVP:T:b_268437652_25,ineo-bus:1519,b_268437652_25,20,44.832645416259766,-0.6534678936004639,19,2
2026-09-25T12:48:28.063374+00:00,1790340493,RTVP:T:b_268440386_25,ineo-bus:1517,b_268440386_25,74,44.82630157470703,-0.6256362199783325,1,1
2026-09-25T12:48:28.063374+00:00,1790340493,RTVP:T:b_268439096_25,ineo-bus:1518,b_268439096_25,34,44.807098388671875,-0.592594563961029,1,1
2026-09-25T12:48:28.063374+00:00,1790340493,RTVP:T:b_268437567_25,ineo-bus:1515,b_268437567_25,20,44.829071044921875,-0.5649471879005432,44,2
2026-09-25T12:48:28.063374+00:00,1790340493,RTVP:T:b_268439069_25,ineo-bus:1516,b_268439069_25,34,44.85558319091797,-0.6586737632751465,1,1
2026-09-25T12:48:28.063374+00:00,1790340493,RTVP:T:b_268435550_25,ineo-bus:1879,b_268435550_25,01,44.84658432006836,-0.5103938579559326,4,2
2026-09-25T12:48:28.063374+00:00,1790340493,RTVP:T:t_268435465_25,ineo-tram:1856,t_268435465_25,59,44.83857727050781,-0.5628272891044617,16,2
2026-09-25T12:48:28.063374+00:00,1790340493,RTVP:T:b_268435613_25,ineo-bus:1896,b_268435613_25,01,44.840084075927734,-0.5834187269210815,30,1
2026-09-25T12:48:28.063374+00:00,1790340493,RTVP:T:t_268436529_25,ineo-tram:1854,t_268436529_25,60,44.7962532043457,-0.6217858195304871,27,1
2026-09-25T12:48:28.063374+00:00,1790340493,RTVP:T:b_268435597_25,ineo-bus:1413,b_268435597_25,01,44.831016540527344,-0.5734802484512329,34,1
2026-09-25T12:48:28.063374+00:00,1790340493,RTVP:T:b_268435729_25,ineo-bus:1897,b_268435729_25,02,44.90399169921875,-0.669035792350769,37,2
2026-09-25T12:48:28.063374+00:00,1790340493,RTVP:T:t_268437621_25,ineo-tram:1855,t_268437621_25,164,44.83750534057617,-0.5887894630432129,18,2
2026-09-25T12:48:28.063374+00:00,1790340493,RTVP:T:b_268438572_25,ineo-bus:1410,b_268438572_25,31,44.85838317871094,-0.5350800156593323,1,1
2026-09-25T12:48:28.063374+00:00,1790340493,RTVP:T:b_268436034_25,ineo-bus:2863,b_268436034_25,04,44.823089599609375,-0.5931235551834106,32,2
2026-09-25T12:48:28.063374+00:00,1790340493,RTVP:T:b_268440988_25,ineo-bus:2861,b_268440988_25,87,44.80486297607422,-0.6316331624984741,1,1
2026-09-25T12:48:28.063374+00:00,1790340493,RTVP:T:b_268437416_25,ineo-bus:2860,b_268437416_25,16,44.85258865356445,-0.6422348618507385,27,1
2026-09-25T12:48:28.063374+00:00,1790340493,RTVP:T:b_268435492_25,ineo-bus:1890,b_268435492_25,01,44.84175491333008,-0.6483094096183777,40,1
2026-09-25T12:48:28.063374+00:00,1790340493,RTVP:T:t_268436344_25,ineo-tram:1852,t_268436344_25,60,44.85601806640625,-0.5630601048469543,28,1
2026-09-25T12:48:28.063374+00:00,1790340493,RTVP:T:t_268437157_25,ineo-tram:1850,t_268437157_25,62,44.84634017944336,-0.5797893404960632,10,2
2026-09-25T12:48:28.063374+00:00,1790340493,RTVP:T:b_268437637_25,ineo-bus:1528,b_268437637_25,20,44.82874298095703,-0.5631784796714783,9,1
2026-09-25T12:48:28.063374+00:00,1790340493,RTVP:T:b_268437627_25,ineo-bus:1529,b_268437627_25,20,44.81509780883789,-0.6801203489303589,1,1
2026-09-25T12:48:28.063374+00:00,1790340493,RTVP:T:b_268438026_25,ineo-bus:1526,b_268438026_25,24,44.83176040649414,-0.5277047157287598,71,2
2026-09-25T12:48:28.063374+00:00,1790340493,RTVP:T:b_268436941_25,ineo-bus:1889,b_268436941_25,09,44.857261657714844,-0.5910030603408813,11,1
2026-09-25T12:48:28.063374+00:00,1790340493,RTVP:T:b_268436695_25,ineo-bus:2858,b_268436695_25,08,44.77198028564453,-0.6108337640762329,1,1
2026-09-25T12:48:28.063374+00:00,1790340493,RTVP:T:b_268438583_25,ineo-bus:1406,b_268438583_25,31,44.813899993896484,-0.5647945404052734,29,1
2026-09-25T12:48:28.063374+00:00,1790340493,RTVP:T:b_268436792_25,ineo-bus:2857,b_268436792_25,08,44.82837677001953,-0.6025934219360352,1,1
2026-09-25T12:48:28.063374+00:00,1790340493,RTVP:T:b_268435718_25,ineo-bus:1425,b_268435718_25,02,44.84485626220703,-0.5723598599433899,1,1
2026-09-25T12:48:28.063374+00:00,1790340493,RTVP:T:b_268435508_25,ineo-bus:1423,b_268435508_25,01,44.839820861816406,-0.604682981967926,30,2
2026-09-25T12:48:28.063374+00:00,1790340493,RTVP:T:b_268439180_25,ineo-bus:2633,b_268439180_25,35,44.79823684692383,-0.6195971369743347,47,1
2026-09-25T12:48:28.063374+00:00,1790340493,RTVP:T:b_268438561_25,ineo-bus:1421,b_268438561_25,31,44.7575798034668,-0.6251509189605713,1,1
2026-09-25T12:48:28.063374+00:00,1790340493,RTVP:T:b_268441062_25,ineo-bus:87021,b_268441062_25,89,44.773292541503906,-0.5453412532806396,17,1
2026-09-25T12:48:28.063374+00:00,1790340493,RTVP:T:b_268439271_25,ineo-bus:2630,b_268439271_25,35,44.87499237060547,-0.6194408535957336,19,2
2026-09-25T12:48:28.063374+00:00,1790340493,RTVP:T:b_268439677_25,ineo-bus:99136,b_268439677_25,460,44.91966247558594,-0.5153120756149292,1,1
2026-09-25T12:48:28.063374+00:00,1790340493,RTVP:T:b_268438478_25,ineo-bus:99137,b_268438478_25,29,44.88733673095703,-0.5177996158599854,34,1
2026-09-25T12:48:28.063374+00:00,1790340493,RTVP:T:b_268439643_25,ineo-bus:99134,b_268439643_25,460,44.89999008178711,-0.5203811526298523,17,1
2026-09-25T12:48:28.063374+00:00,1790340493,RTVP:T:b_268435804_25,ineo-bus:1418,b_268435804_25,02,44.844940185546875,-0.5712375044822693,1,1
2026-09-25T12:48:28.063374+00:00,1790340493,RTVP:T:b_268435841_25,ineo-bus:1419,b_268435841_25,02,44.853878021240234,-0.6224884986877441,23,1
2026-09-25T12:48:28.063374+00:00,1790340493,RTVP:T:b_268437768_25,ineo-bus:2639,b_268437768_25,23,44.8262939453125,-0.5694692730903625,36,1
2026-09-25T12:48:28.063374+00:00,1790340493,RTVP:T:b_268440799_25,ineo-bus:88703,b_268440799_25,82,44.86820602416992,-0.5900053381919861,15,1
2026-09-25T12:48:28.063374+00:00,1790340493,RTVP:T:b_268439823_25,ineo-bus:85001,b_268439823_25,51,44.85029602050781,-0.7176395654678345,1,1
2026-09-25T12:48:28.063374+00:00,1790340493,RTVP:T:b_268436575_25,ineo-bus:1701,b_268436575_25,07,44.90227508544922,-0.5074631571769714,37,1
2026-09-25T12:48:28.063374+00:00,1790340493,RTVP:T:b_268438189_25,ineo-bus:85002,b_268438189_25,26,44.8388557434082,-0.7987580299377441,1,1
2026-09-25T12:48:28.063374+00:00,1790340493,RTVP:T:b_268438212_25,ineo-bus:85003,b_268438212_25,26,44.833736419677734,-0.6479277610778809,2,2
2026-09-25T12:48:28.063374+00:00,1790340493,RTVP:T:b_268437266_25,ineo-bus:1706,b_268437266_25,15,44.78099822998047,-0.5363622307777405,5,1
2026-09-25T12:48:28.063374+00:00,1790340493,RTVP:T:b_268438781_25,ineo-bus:1707,b_268438781_25,31,44.81355667114258,-0.5651146173477173,74,2
2026-09-25T12:48:28.063374+00:00,1790340493,RTVP:T:b_268437308_25,ineo-bus:1704,b_268437308_25,15,44.87823486328125,-0.5745230317115784,60,2
2026-09-25T12:48:28.063374+00:00,1790340493,RTVP:T:b_268436538_25,ineo-bus:1705,b_268436538_25,07,44.94181823730469,-0.4857134521007538,1,1
2026-09-25T12:48:28.063374+00:00,1790340493,RTVP:T:b_268437083_25,ineo-bus:1703,b_268437083_25,15,44.85710525512695,-0.5869508981704712,24,2
