service_id,monday,tuesday,wednesday,thursday,friday,saturday,sunday,start_date,end_date
2027_HIVER-BATO_A10-Semaine-02,1,1,1,1,1,0,0,20261012,20261224
2027_HIVER-BATO_A10-Semaine-03,1,1,1,1,1,0,0,20260928,20261002
2027_HIVER-BATO_A10-Semaine-04,1,1,1,1,1,0,0,20261005,20261009
2027_HIVER-BATO_B01-Samedi-02,0,0,0,0,0,1,0,20261017,20261219
2027_HIVER-BATO_B01-Samedi-04,0,0,0,0,0,1,0,20261003,20261010
2027_HIVER-BATO_C01-Dimanche-02,0,0,0,0,0,0,1,20261018,20261220
2027_HIVER-BATO_C01-Dimanche-04,0,0,0,0,0,0,1,20261004,20261011
2027_HIVER-FLEX_A00-Jeu-Ven-01-0001100,0,0,0,1,1,0,0,20261001,20261224
2027_HIVER-FLEX_B00-Samedi-01,0,0,0,0,0,1,0,20261003,20261219
2027_HIVER-M01_A00-Jeu-Ven-06,0,0,0,1,1,0,0,20261008,20261218
2027_HIVER-M01_A00-Jeu-Ven-06-0001100,0,0,0,1,1,0,0,20261008,20261218
2027_HIVER-M01_A00-Lun-Mer-05,1,1,1,0,0,0,0,20261005,20261216
2027_HIVER-M01_A00-Lun-Mer-07,1,1,1,0,0,0,0,20260928,20260930
2027_HIVER-M01_A01-Jeu-Ven-08,0,0,0,1,1,0,0,20261001,20261002
2027_HIVER-M01_A01-Jeu-Ven-08-0001100,0,0,0,1,1,0,0,20261001,20261002
2027_HIVER-M01_B01-Samedi-02,0,0,0,0,0,1,0,20261010,20261219
2027_HIVER-M01_B01-Samedi-03,0,0,0,0,0,1,0,20261003,20261003
2027_HIVER-M01_C00-Dimanche-03,0,0,0,0,0,0,1,20261011,20261220
2027_HIVER-M01_C00-Dimanche-04,0,0,0,0,0,0,1,20261004,20261004
2027_HIVER-M02_A10-Lun-Mer-16,1,1,1,0,0,0,0,20260928,20261216
2027_HIVER-M02_A11-Jeu-Ven-17,0,0,0,1,1,0,0,20261001,20261218
2027_HIVER-M02_A11-Jeu-Ven-17-0001100,0,0,0,1,1,0,0,20261001,20261218
2027_HIVER-M02_B01-Samedi-05,0,0,0,0,0,1,0,20261003,20261219
2027_HIVER-M02_C00-Dimanche-04,0,0,0,0,0,0,1,20261004,20261220
2027_HIVER-M04_A00-Lun-Mer-01,1,1,1,0,0,0,0,20260928,20261216
2027_HIVER-M04_A01-Jeu-Ven-02,0,0,0,1,1,0,0,20261001,20261218
2027_HIVER-M04_A01-Jeu-Ven-02-0001100,0,0,0,1,1,0,0,20261001,20261218
2027_HIVER-M04_B01-Samedi-01,0,0,0,0,0,1,0,20261003,20261219
2027_HIVER-M04_C00-Dimanche-01,0,0,0,0,0,0,1,20261004,20261220
2027_HIVER-M05_A10-Lun-Mer-03,1,1,1,0,0,0,0,20260928,20260930
2027_HIVER-M05_A10-Lun-Mer-05,1,1,1,0,0,0,0,20261005,20261216
2027_HIVER-M05_A11-Jeu-Ven-04,0,0,0,1,1,0,0,20261001,20261002
2027_HIVER-M05_A11-Jeu-Ven-04-0001100,0,0,0,1,1,0,0,20261001,20261002
2027_HIVER-M05_A11-Jeu-Ven-06,0,0,0,1,1,0,0,20261008,20261218
2027_HIVER-M05_A11-Jeu-Ven-06-0001100,0,0,0,1,1,0,0,20261008,20261218
2027_HIVER-M05_B01-Samedi-02,0,0,0,0,0,1,0,20261003,20261003
2027_HIVER-M05_B01-Samedi-03,0,0,0,0,0,1,0,20261010,20261219
2027_HIVER-M05_C00-Dimanche-03,0,0,0,0,0,0,1,20261004,20261004
2027_HIVER-M05_C00-Dimanche-06,0,0,0,0,0,0,1,20261011,20261220
2027_HIVER-M07_A10-Lun-Mer-01,1,1,1,0,0,0,0,20260928,20261216
2027_HIVER-M07_A11-Jeu-Ven-04,0,0,0,1,1,0,0,20261001,20261218
2027_HIVER-M07_A11-Jeu-Ven-04-0001100,0,0,0,1,1,0,0,20261001,20261218
2027_HIVER-M07_B01-Samedi-01,0,0,0,0,0,1,0,20261003,20261219
2027_HIVER-M07_C00-Dimanche-01,0,0,0,0,0,0,1,20261004,20261220
2027_HIVER-M08_A10-Lun-Mer-03,1,1,1,0,0,0,0,20260928,20261216
2027_HIVER-M08_A11-Jeu-Ven-04,0,0,0,1,1,0,0,20261001,20261218
2027_HIVER-M08_A11-Jeu-Ven-04-0001100,0,0,0,1,1,0,0,20261001,20261218
2027_HIVER-M08_B01-Samedi-02,0,0,0,0,0,1,0,20261003,20261219
2027_HIVER-M08_C00-Dimanche-03,0,0,0,0,0,0,1,20261004,20261220
2027_HIVER-M09_A00-Lun-Mer-07,1,1,1,0,0,0,0,20261005,20261014
2027_HIVER-M09_A01-Jeu-Ven-06,0,0,0,1,1,0,0,20261105,20261218
2027_HIVER-M09_A01-Jeu-Ven-06-0001100,0,0,0,1,1,0,0,20261105,20261218
2027_HIVER-M09_A01-Jeu-Ven-08,0,0,0,1,1,0,0,20261001,20261016
2027_HIVER-M09_A01-Jeu-Ven-08-0001100,0,0,0,1,1,0,0,20261001,20261016
2027_HIVER-M09_A01-Lun-Mer-05,1,1,1,0,0,0,0,20260928,20261216
2027_HIVER-M09_B01-Samedi-03,0,0,0,0,0,1,0,20261010,20261219
2027_HIVER-M09_B01-Samedi-61,0,0,0,0,0,1,0,20261003,20261003
2027_HIVER-M09_C01-Dimanche-03,0,0,0,0,0,0,0,20261018,20261220
2027_HIVER-M09_C11-Dimanche-06,0,0,0,0,0,0,1,20261004,20261213
2027_HIVER-M15_A00-Lun-Mer-07,1,1,1,0,0,0,0,20260928,20261216
2027_HIVER-M15_A01-Jeu-Ven-08,0,0,0,1,1,0,0,20261001,20261218
2027_HIVER-M15_A01-Jeu-Ven-08-0001100,0,0,0,1,1,0,0,20261001,20261218
2027_HIVER-M15_B01-Samedi-02,0,0,0,0,0,1,0,20261003,20261219
2027_HIVER-M15_C00-Dimanche-03,0,0,0,0,0,0,1,20261004,20261220
2027_HIVER-M16_A00-Lun-Mer-01,1,1,1,0,0,0,0,20260928,20261216
2027_HIVER-M16_A01-Jeu-Ven-02,0,0,0,1,1,0,0,20261001,20261218
2027_HIVER-M16_A01-Jeu-Ven-02-0001100,0,0,0,1,1,0,0,20261001,20261218
2027_HIVER-M16_B01-Samedi-01,0,0,0,0,0,1,0,20261003,20261219
2027_HIVER-M16_C00-Dimanche-01,0,0,0,0,0,0,1,20261004,20261220
2027_HIVER-M19_A4-Vendredi-50,0,0,0,0,1,0,0,20261009,20261009
2027_HIVER-M19_A8-Mercredi-30,0,0,1,0,0,0,0,20261007,20261007
2027_HIVER-M19_C4-Dimanche-01,0,0,0,0,0,0,1,20261011,20261011
2027_HIVER-M19_C8-Dimanche-01,0,0,0,0,0,0,1,20261004,20261004
2027_HIVER-M20_A00-Semaine-03,1,1,1,1,1,0,0,20260928,20261218
2027_HIVER-M20_B00-Samedi-03,0,0,0,0,0,1,0,20261003,20261219
2027_HIVER-M20_C00-Dimanche-02,0,0,0,0,0,0,1,20261004,20261220
2027_HIVER-M22_A00-Semaine-03,1,1,1,1,1,0,0,20260928,20261218
2027_HIVER-M22_B00-Samedi-01,0,0,0,0,0,1,0,20261003,20261219
2027_HIVER-M22_C00-Dimanche-02,0,0,0,0,0,0,1,20261004,20261220
2027_HIVER-M24_A00-Semaine-06,1,1,1,1,1,0,0,20260928,20261218
2027_HIVER-M24_B00-Samedi-02,0,0,0,0,0,1,0,20261003,20261219
2027_HIVER-M24_C00-Dimanche-02,0,0,0,0,0,0,1,20261004,20261220
2027_HIVER-M25_A00-Semaine-02,1,1,1,1,1,0,0,20260928,20261218
2027_HIVER-M25_B00-Samedi-02,0,0,0,0,0,1,0,20261003,20261219
2027_HIVER-M25_C00-Dimanche-02,0,0,0,0,0,0,1,20261004,20261220
2027_HIVER-M26_A00-Lun-Mer-07,1,1,1,0,0,0,0,20260928,20261216
2027_HIVER-M26_A01-Jeu-Ven-08,0,0,0,1,1,0,0,20261001,20261218
2027_HIVER-M26_A01-Jeu-Ven-08-0001100,0,0,0,1,1,0,0,20261001,20261218
2027_HIVER-M26_B01-Samedi-03,0,0,0,0,0,1,0,20261003,20261219
2027_HIVER-M26_C00-Dimanche-05,0,0,0,0,0,0,1,20261004,20261220
2027_HIVER-M27_A00-Semaine-03,1,1,1,1,1,0,0,20260928,20261218
2027_HIVER-M27_B00-Samedi-02,0,0,0,0,0,1,0,20261003,20261219
2027_HIVER-M27_C00-Dimanche-02,0,0,0,0,0,0,1,20261004,20261220
2027_HIVER-M28_A00-Semaine-02,1,1,1,1,1,0,0,20260928,20261218
2027_HIVER-M28_B00-Samedi-02,0,0,0,0,0,1,0,20261003,20261219
2027_HIVER-M28_C00-Dimanche-02,0,0,0,0,0,0,1,20261004,20261220
2027_HIVER-M29_A00-Semaine-03,1,1,1,1,1,0,0,20260928,20261218
2027_HIVER-M29_A00-Semaine-03-0000100,0,0,0,0,1,0,0,20261002,20261218
2027_HIVER-M29_A00-Semaine-03-0010000,0,0,1,0,0,0,0,20260930,20261216
2027_HIVER-M29_A00-Semaine-03-1101100,1,1,0,1,1,0,0,20260928,20261218
2027_HIVER-M29_A00-Semaine-03-1111000,1,1,1,1,0,0,0,20260928,20261217
2027_HIVER-M29_B00-Samedi-02,0,0,0,0,0,1,0,20261003,20261219
2027_HIVER-M29_C00-Dimanche-01,0,0,0,0,0,0,1,20261004,20261220
2027_HIVER-M30_A00-Semaine-02,1,1,1,1,1,0,0,20260928,20261218
2027_HIVER-M30_B00-Samedi-04,0,0,0,0,0,1,0,20261003,20261219
2027_HIVER-M31_A00-Lundi-10,1,0,0,0,0,0,0,20260928,20261012
2027_HIVER-M31_A00-Lundi-10-1000000,1,0,0,0,0,0,0,20260928,20261012
2027_HIVER-M31_A00-Mardi-10,0,1,0,0,0,0,0,20260929,20261013
2027_HIVER-M31_A00-Mardi-10-0100000,0,1,0,0,0,0,0,20260929,20261013
2027_HIVER-M31_A00-Mercredi-11,0,0,1,0,0,0,0,20260930,20261014
2027_HIVER-M31_A00-Mercredi-11-0010000,0,0,1,0,0,0,0,20260930,20261014
2027_HIVER-M31_A01-Jeu-Ven-12,0,0,0,1,1,0,0,20261001,20261016
2027_HIVER-M31_A01-Jeu-Ven-12-0001100,0,0,0,1,1,0,0,20261001,20261016
2027_HIVER-M31_A10-Lundi-04,1,0,0,0,0,0,0,20261102,20261214
2027_HIVER-M31_A10-Lundi-04-1000000,1,0,0,0,0,0,0,20261102,20261214
2027_HIVER-M31_A10-Mardi-04,0,1,0,0,0,0,0,20261103,20261215
2027_HIVER-M31_A10-Mardi-04-0100000,0,1,0,0,0,0,0,20261103,20261215
2027_HIVER-M31_A10-Mercredi-05,0,0,1,0,0,0,0,20261104,20261216
2027_HIVER-M31_A10-Mercredi-05-0010000,0,0,1,0,0,0,0,20261104,20261216
2027_HIVER-M31_A11-Jeu-Ven-06,0,0,0,1,1,0,0,20261105,20261218
2027_HIVER-M31_A11-Jeu-Ven-06-0001100,0,0,0,1,1,0,0,20261105,20261218
2027_HIVER-M31_B01-Samedi-02,0,0,0,0,0,1,0,20261003,20261219
2027_HIVER-M31_C01-Dimanche-05,0,0,0,0,0,0,0,20261025,20261220
2027_HIVER-M31_C11-Dimanche-04,0,0,0,0,0,0,1,20261004,20261213
2027_HIVER-M33_A00-Semaine-02,1,1,1,1,1,0,0,20260928,20261224
2027_HIVER-M33_B00-Samedi-01,0,0,0,0,0,1,0,20261003,20261219
2027_HIVER-M34_A00-Semaine-01,1,1,1,1,1,0,0,20260928,20261218
2027_HIVER-M34_B00-Samedi-01,0,0,0,0,0,1,0,20261003,20261219
2027_HIVER-M34_C00-Dimanche-01,0,0,0,0,0,0,1,20261004,20261220
2027_HIVER-M37_A00-L-Ma-J-V-01,1,1,0,1,1,0,0,20260928,20261218
2027_HIVER-M37_A00-L-Ma-J-V-01-1101100,1,1,0,1,1,0,0,20260928,20261218
2027_HIVER-M37_A00-Mercredi-02,0,0,1,0,0,0,0,20260930,20261216
2027_HIVER-M37_A00-Mercredi-02-0010000,0,0,1,0,0,0,0,20260930,20261216
2027_HIVER-M38_A00-Semaine-02,1,1,1,1,1,0,0,20260928,20261218
2027_HIVER-M38_A00-Semaine-02-0010000,0,0,1,0,0,0,0,20260930,20261216
2027_HIVER-M38_A00-Semaine-02-1101100,1,1,0,1,1,0,0,20260928,20261218
2027_HIVER-M38_B00-Samedi-01,0,0,0,0,0,1,0,20261003,20261219
2027_HIVER-M38_C00-Dimanche-01,0,0,0,0,0,0,1,20261004,20261220
2027_HIVER-M39_A00-Semaine-03,1,1,1,1,1,0,0,20260928,20261224
2027_HIVER-M39_B00-Samedi-03,0,0,0,0,0,1,0,20261003,20261219
2027_HIVER-M39_C00-Dimanche-03,0,0,0,0,0,0,1,20261004,20261220
2027_HIVER-M439_A00-Semaine-03,1,1,1,1,1,0,0,20260928,20261224
2027_HIVER-M439_B00-Samedi-03,0,0,0,0,0,1,0,20261003,20261219
2027_HIVER-M454_A00-Semaine-03,1,1,1,1,1,0,0,20260928,20261224
2027_HIVER-M460_A00-Semaine-03,1,1,1,1,1,0,0,20260928,20261224
2027_HIVER-M460_B00-Samedi-02,0,0,0,0,0,1,0,20261003,20261219
2027_HIVER-M460_C00-Dimanche-02,0,0,0,0,0,0,1,20261004,20261220
2027_HIVER-M461_A00-Semaine-01,1,1,1,1,1,0,0,20260928,20261224
2027_HIVER-M461_B00-Samedi-01,0,0,0,0,0,1,0,20261003,20261219
2027_HIVER-M461_C00-Dimanche-01,0,0,0,0,0,0,1,20261004,20261220
2027_HIVER-M469_A00-Semaine-01,1,1,1,1,1,0,0,20260928,20261224
2027_HIVER-M469_B00-Samedi-01,0,0,0,0,0,1,0,20261003,20261219
2027_HIVER-M51_A00-Semaine-01,1,1,1,1,1,0,0,20260928,20261224
2027_HIVER-M53_A00-Semaine-03,1,1,1,1,1,0,0,20260928,20261218
2027_HIVER-M55_A00-Semaine-04,1,1,1,1,1,0,0,20260928,20261218
2027_HIVER-M568_B00-Samedi-03,0,0,0,0,0,1,0,20261003,20261219
2027_HIVER-M568_C00-Dimanche-02,0,0,0,0,0,0,1,20261004,20261220
2027_HIVER-M58_A01-Jeu-Ven-01,0,0,0,1,1,0,0,20261001,20261002
2027_HIVER-M58_A01-Jeu-Ven-02,0,0,0,1,1,0,0,20261008,20261224
2027_HIVER-M58_B01-Samedi-01,0,0,0,0,0,1,0,20261003,20261003
2027_HIVER-M58_B01-Samedi-02,0,0,0,0,0,1,0,20261010,20261219
2027_HIVER-M65_A00-Semaine-01,1,1,1,1,1,0,0,20260928,20261224
2027_HIVER-M65_B00-Samedi-01,0,0,0,0,0,1,0,20261003,20261219
2027_HIVER-M70_A00-Semaine-02,1,1,1,1,1,0,0,20260928,20261218
2027_HIVER-M70_B00-Samedi-02,0,0,0,0,0,1,0,20261003,20261219
2027_HIVER-M70_C00-Dimanche-02,0,0,0,0,0,0,1,20261004,20261220
2027_HIVER-M71_A00-Semaine-03,1,1,1,1,1,0,0,20260928,20261218
2027_HIVER-M71_B00-Samedi-01,0,0,0,0,0,1,0,20261003,20261219
2027_HIVER-M71_C00-Dimanche-01,0,0,0,0,0,0,1,20261004,20261220
2027_HIVER-M72_A00-Semaine-01,1,1,1,1,1,0,0,20260928,20261224
2027_HIVER-M72_B00-Samedi-01,0,0,0,0,0,1,0,20261003,20261219
2027_HIVER-M73_A00-Semaine-07,1,1,1,1,1,0,0,20260928,20261224
2027_HIVER-M73_B00-Samedi-02,0,0,0,0,0,1,0,20261003,20261219
2027_HIVER-M73_C00-Dimanche-02,0,0,0,0,0,0,1,20261004,20261220
2027_HIVER-M74_A00-Semaine-01,1,1,1,1,1,0,0,20260928,20261218
2027_HIVER-M74_B00-Samedi-01,0,0,0,0,0,1,0,20261003,20261219
2027_HIVER-M74_C00-Dimanche-01,0,0,0,0,0,0,1,20261004,20261220
2027_HIVER-M75_A00-Semaine-01,1,1,1,1,1,0,0,20260928,20261224
2027_HIVER-M75_B00-Samedi-01,0,0,0,0,0,1,0,20261003,20261219
2027_HIVER-M76_A00-Semaine-01,1,1,1,1,1,0,0,20260928,20261224
2027_HIVER-M76_B00-Samedi-01,0,0,0,0,0,1,0,20261003,20261219
2027_HIVER-M76_C00-Dimanche-01,0,0,0,0,0,0,1,20261004,20261220
2027_HIVER-M77_A00-Semaine-02,1,1,1,1,1,0,0,20260928,20261218
2027_HIVER-M77_B00-Samedi-02,0,0,0,0,0,1,0,20261003,20261219
2027_HIVER-M80_A00-Semaine-04,1,1,1,1,1,0,0,20260928,20261224
2027_HIVER-M80_B00-Samedi-04,0,0,0,0,0,1,0,20261003,20261219
2027_HIVER-M80_C00-Dimanche-04,0,0,0,0,0,0,1,20261004,20261220
2027_HIVER-M82_A00-Semaine-01,1,1,1,1,1,0,0,20260928,20261218
2027_HIVER-M82_B00-Samedi-01,0,0,0,0,0,1,0,20261003,20261219
2027_HIVER-M83_A00-Semaine-02,1,1,1,1,1,0,0,20260928,20261218
2027_HIVER-M83_B00-Samedi-02,0,0,0,0,0,1,0,20261003,20261219
2027_HIVER-M84_A00-Semaine-03,1,1,1,1,1,0,0,20260928,20261218
2027_HIVER-M84_B00-Samedi-03,0,0,0,0,0,1,0,20261003,20261219
2027_HIVER-M84_C00-Dimanche-03,0,0,0,0,0,0,1,20261004,20261220
2027_HIVER-M85_A00-Semaine-02,1,1,1,1,1,0,0,20260928,20261224
2027_HIVER-M89_A00-Semaine-02,1,1,1,1,1,0,0,20260928,20261224
2027_HIVER-M89_B00-Samedi-02,0,0,0,0,0,1,0,20261003,20261219
2027_HIVER-M901_A00-Lun-Mer-05,1,1,1,0,0,0,0,20260928,20261216
2027_HIVER-M901_A01-Jeu-Ven-06,0,0,0,1,1,0,0,20261001,20261218
2027_HIVER-M901_A01-Jeu-Ven-06-0001100,0,0,0,1,1,0,0,20261001,20261218
2027_HIVER-M901_B01-Samedi-03,0,0,0,0,0,1,0,20261003,20261219
2027_HIVER-M901_C00-Dimanche-03,0,0,0,0,0,0,1,20261004,20261220
2027_HIVER-M911_A00-Lun-Mer-07,1,1,1,0,0,0,0,20260928,20261216
2027_HIVER-M911_A00-Lun-Mer-09,1,1,1,0,0,0,0,20261005,20261014
2027_HIVER-M911_A01-Jeu-Ven-08,0,0,0,1,1,0,0,20261105,20261218
2027_HIVER-M911_A01-Jeu-Ven-08-0001100,0,0,0,1,1,0,0,20261105,20261218
2027_HIVER-M911_A01-Jeu-Ven-10,0,0,0,1,1,0,0,20261008,20261016
2027_HIVER-M911_A01-Jeu-Ven-10-0001100,0,0,0,1,1,0,0,20261008,20261016
2027_HIVER-M911_A01-Jeudi-44,0,0,0,1,0,0,0,20261001,20261001
2027_HIVER-M911_A01-Jeudi-44-0001000,0,0,0,1,0,0,0,20261001,20261001
2027_HIVER-M911_A01-Vendredi-45,0,0,0,0,1,0,0,20261002,20261002
2027_HIVER-M911_A01-Vendredi-45-0000100,0,0,0,0,1,0,0,20261002,20261002
2027_HIVER-M911_B01-Samedi-03,0,0,0,0,0,1,0,20261010,20261219
2027_HIVER-M911_B01-Samedi-34,0,0,0,0,0,1,0,20261003,20261003
2027_HIVER-M911_C00-Dimanche-04,0,0,0,0,0,0,1,20261011,20261220
2027_HIVER-M911_C00-Dimanche-32,0,0,0,0,0,0,1,20261004,20261004
2027_HIVER-RELA_A00-Lun-Mer-05,1,1,1,0,0,0,0,20260928,20260930
2027_HIVER-RELA_A01-Jeu-Ven-06,0,0,0,1,1,0,0,20261001,20261002
2027_HIVER-SCO_A00-Semaine-04,0,0,0,0,1,0,0,20260918,20260918
2027_HIVER-SCO_A00-Semaine-04-1101100,0,0,0,0,1,0,0,20260918,20260918
2027_HIVER-SCO_A00-Semaine-05,1,1,1,1,1,0,0,20260921,20270702
2027_HIVER-SCO_A00-Semaine-05-0010000,0,0,1,0,0,0,0,20260923,20270630
2027_HIVER-SCO_A00-Semaine-05-1101100,1,1,0,1,1,0,0,20260921,20270702
2027_HIVER-TR_A410-Jeu-Ven-14,0,0,0,1,1,0,0,20261008,20261224
2027_HIVER-TR_A410-Jeu-Ven-22,0,0,0,1,0,0,0,20261001,20261001
2027_HIVER-TR_A410-Jeu-Ven-23,0,0,0,0,1,0,0,20261002,20261002
2027_HIVER-TR_A410-Lun-Mer-13,1,1,1,0,0,0,0,20261005,20261223
2027_HIVER-TR_A410-Lun-Mer-24,1,0,0,0,0,0,0,20260928,20260928
2027_HIVER-TR_A410-Lun-Mer-25,0,1,1,0,0,0,0,20260929,20260930
2027_HIVER-TR_B01-Samedi-01,0,0,0,0,0,1,0,20260926,20261219
2027_HIVER-TR_B01-Samedi-07,0,0,0,0,0,1,0,20261003,20261003
2027_HIVER-TR_C00-Dimanche-01,0,0,0,0,0,0,1,20260927,20261220
2027_PVS-M01_H00-Lun-Mer-05,0,0,0,0,0,0,0,20261019,20261223
2027_PVS-M01_H01-Jeu-Ven-06,0,0,0,0,0,0,0,20261022,20261224
2027_PVS-M01_H01-Jeu-Ven-06-0001100,0,0,0,0,0,0,0,20261022,20261224
2027_PVS-M02_H00-Lun-Mer-06,0,0,0,0,0,0,0,20261019,20261223
2027_PVS-M02_H01-Jeu-Ven-07,0,0,0,0,0,0,0,20261022,20261224
2027_PVS-M02_H01-Jeu-Ven-07-0001100,0,0,0,0,0,0,0,20261022,20261224
2027_PVS-M04_H00-Lun-Mer-01,0,0,0,0,0,0,0,20261019,20261223
2027_PVS-M04_H01-Jeu-Ven-02,0,0,0,0,0,0,0,20261022,20261224
2027_PVS-M04_H01-Jeu-Ven-02-0001100,0,0,0,0,0,0,0,20261022,20261224
2027_PVS-M05_H00-Lun-Mer-01,1,1,1,0,0,0,0,20261221,20261223
2027_PVS-M05_H00-Lun-Mer-05,1,1,1,0,0,0,0,20261019,20261028
2027_PVS-M05_H01-Jeu-Ven-02,0,0,0,1,0,0,0,20261224,20261224
2027_PVS-M05_H01-Jeu-Ven-02-0001100,0,0,0,1,0,0,0,20261224,20261224
2027_PVS-M05_H01-Jeu-Ven-06,0,0,0,1,1,0,0,20261022,20261030
2027_PVS-M05_H01-Jeu-Ven-06-0001100,0,0,0,1,1,0,0,20261022,20261030
2027_PVS-M07_H00-Lun-Mer-01,0,0,0,0,0,0,0,20261019,20261223
2027_PVS-M07_H01-Jeu-Ven-02,0,0,0,0,0,0,0,20261022,20261224
2027_PVS-M07_H01-Jeu-Ven-02-0001100,0,0,0,0,0,0,0,20261022,20261224
2027_PVS-M08_H00-Lun-Mer-03,0,0,0,0,0,0,0,20261019,20261223
2027_PVS-M08_H01-Jeu-Ven-04,0,0,0,0,0,0,0,20261022,20261224
2027_PVS-M08_H01-Jeu-Ven-04-0001100,0,0,0,0,0,0,0,20261022,20261224
2027_PVS-M09_H00-Lun-Mer-03,0,0,0,0,0,0,0,20261019,20261223
2027_PVS-M09_H01-Jeu-Ven-04,0,0,0,0,0,0,0,20261022,20261224
2027_PVS-M09_H01-Jeu-Ven-04-0001100,0,0,0,0,0,0,0,20261022,20261224
2027_PVS-M15_H00-Lun-Mer-05,0,0,0,0,0,0,0,20261019,20261223
2027_PVS-M15_H01-Jeu-Ven-06,0,0,0,0,0,0,0,20261022,20261224
2027_PVS-M15_H01-Jeu-Ven-06-0001100,0,0,0,0,0,0,0,20261022,20261224
2027_PVS-M16_H00-Lun-Mer-01,0,0,0,0,0,0,0,20261019,20261223
2027_PVS-M16_H01-Jeu-Ven-02,0,0,0,0,0,0,0,20261022,20261224
2027_PVS-M16_H01-Jeu-Ven-02-0001100,0,0,0,0,0,0,0,20261022,20261224
2027_PVS-M20_H00-Semaine-02,0,0,0,0,0,0,0,20261019,20261224
2027_PVS-M22_H00-Semaine-02,0,0,0,0,0,0,0,20261019,20261224
2027_PVS-M24_H00-Semaine-03,0,0,0,0,0,0,0,20261019,20261224
2027_PVS-M25_H00-Semaine-02,0,0,0,0,0,0,0,20261019,20261224
2027_PVS-M26_H00-Lun-Mer-03,0,0,0,0,0,0,0,20261019,20261223
2027_PVS-M26_H01-Jeu-Ven-04,0,0,0,0,0,0,0,20261022,20261224
2027_PVS-M26_H01-Jeu-Ven-04-0001100,0,0,0,0,0,0,0,20261022,20261224
2027_PVS-M27_H00-Semaine-02,0,0,0,0,0,0,0,20261019,20261224
2027_PVS-M28_H00-Semaine-02,0,0,0,0,0,0,0,20261019,20261224
2027_PVS-M29_H00-Semaine-03,0,0,0,0,0,0,0,20261019,20261224
2027_PVS-M29_H00-Semaine-03-0000100,0,0,0,0,1,0,0,20261023,20261030
2027_PVS-M29_H00-Semaine-03-1111000,0,0,0,0,0,0,0,20261019,20261224
2027_PVS-M30_H00-Semaine-03,0,0,0,0,0,0,0,20261019,20261224
2027_PVS-M31_H00-Lun-Mer-03,0,0,0,0,0,0,0,20261019,20261223
2027_PVS-M31_H01-Jeu-Ven-04,0,0,0,0,0,0,0,20261022,20261224
2027_PVS-M31_H01-Jeu-Ven-04-0001100,0,0,0,0,0,0,0,20261022,20261224
2027_PVS-M34_H00-Semaine-01,0,0,0,0,0,0,0,20261026,20261224
2027_PVS-M37_H00-Semaine-02,0,0,0,0,0,0,0,20261019,20261224
2027_PVS-M38_H00-Semaine-01,0,0,0,0,0,0,0,20261019,20261224
2027_PVS-M53_H00-Semaine-01,0,0,0,0,0,0,0,20261019,20261224
2027_PVS-M55_H00-Semaine-04,0,0,0,0,0,0,0,20261019,20261224
2027_PVS-M70_H00-Semaine-02,0,0,0,0,0,0,0,20261019,20261224
2027_PVS-M71_H00-Semaine-02,0,0,0,0,0,0,0,20261019,20261224
2027_PVS-M74_H00-Semaine-01,0,0,0,0,0,0,0,20261019,20261224
2027_PVS-M77_H00-Semaine-02,0,0,0,0,0,0,0,20261019,20261224
2027_PVS-M82_H00-Semaine-01,0,0,0,0,0,0,0,20261019,20261224
2027_PVS-M83_H00-Semaine-01,0,0,0,0,0,0,0,20261019,20261224
2027_PVS-M84_H00-Semaine-01,0,0,0,0,0,0,0,20261019,20261224
2027_PVS-M901_H00-Lun-Mer-03,0,0,0,0,0,0,0,20261019,20261223
2027_PVS-M901_H01-Jeu-Ven-04,0,0,0,0,0,0,0,20261022,20261224
2027_PVS-M901_H01-Jeu-Ven-04-0001100,0,0,0,0,0,0,0,20261022,20261224
2027_PVS-M911_H00-Lun-Mer-03,0,0,0,0,0,0,0,20261019,20261223
2027_PVS-M911_H01-Jeu-Ven-04,0,0,0,0,0,0,0,20261022,20261224
2027_PVS-M911_H01-Jeu-Ven-04-0001100,0,0,0,0,0,0,0,20261022,20261224
ineobus:25,0,0,0,0,1,0,0,20260925,20260925
ineobus:26,0,0,0,0,0,1,0,20260926,20260926
ineobus:27,0,0,0,0,0,0,1,20260927,20260927
ineotram:25,0,0,0,0,1,0,0,20260925,20260925
