ident,type,zone,commune,code_commune,latitude,longitude,comptage_5m,mesure_timestamp,hpm_val_2022,hps_val_2022,mjo_val_2022,indice_congestion_matin,indice_congestion_soir,donnee_annuelle_disponible
Z24CT5,BOUCLE,24,Le Haillan,33200,44.8684058,-0.6711977,38,2026-09-25T14:20:00+02:00,644,564,6250,0.103040,0.090240,oui
Z24CT2,BOUCLE,24,Eysines,33162,44.863922,-0.6603229,29,2026-09-25T14:20:00+02:00,,,,,,non
Z24CT4,BOUCLE,24,Le Haillan,33200,44.8778901,-0.681077,22,2026-09-25T14:20:00+02:00,,,,,,non
Z6CT3,BOUCLE,6,Bordeaux,33063,44.8347986,-0.5987533,59,2026-09-25T14:20:00+02:00,839,1041,15246,0.055031,0.068280,oui
Z6CT4,BOUCLE,6,Bordeaux,33063,44.8387194,-0.5991125,,2012-11-09T08:18:08+01:00,,,,,,non
Z6CT2,BOUCLE,6,Bordeaux,33063,44.839874,-0.5993177,65,2026-09-25T14:20:00+02:00,1010,886,14947,0.067572,0.059276,oui
Z6CT5,BOUCLE,6,Bordeaux,33063,44.8407057,-0.5928835,0,2026-09-25T14:20:00+02:00,,,,,,non
Z6CT6,BOUCLE,6,Bordeaux,33063,44.8400555,-0.6013362,0,2026-09-25T14:20:00+02:00,,,,,,non
Z6CT19,BOUCLE,6,Bordeaux,33063,44.8395507,-0.6078614,31,2026-09-25T14:20:00+02:00,743,808,10064,0.073828,0.080286,oui
Z6CT10,BOUCLE,6,Mérignac,33281,44.8383701,-0.6140944,0,2026-09-25T14:20:00+02:00,,,,,,non
Z6CT12,BOUCLE,6,Bordeaux,33063,44.8367576,-0.5968019,17,2026-09-25T14:20:00+02:00,576,584,7601,0.075780,0.076832,oui
Z27CT7,BOUCLE,27,Pessac,33318,44.8087492,-0.6626396,15,2026-09-25T14:20:00+02:00,421,518,5349,0.078706,0.096841,oui
Z27CT6,BOUCLE,27,Pessac,33318,44.8025503,-0.663169,70,2026-09-25T14:20:00+02:00,1239,939,13869,0.089336,0.067705,oui
Z27CT3,BOUCLE,27,Pessac,33318,44.7996996,-0.6619426,29,2026-09-25T14:20:00+02:00,496,661,6974,0.071121,0.094781,oui
Z27CT5,BOUCLE,27,Pessac,33318,44.7970702,-0.6619654,29,2026-09-25T14:20:00+02:00,230,431,4320,0.053241,0.099769,oui
Z27CT11,BOUCLE,27,Pessac,33318,44.7973367,-0.6656195,37,2026-09-25T14:20:00+02:00,408,673,7696,0.053015,0.087448,oui
Z22CT12,BOUCLE,22,Lormont,33249,44.879945,-0.5181813,14,2026-09-25T14:20:00+02:00,370,301,3735,0.099063,0.080589,oui
Z22CT13,BOUCLE,22,Cenon,33119,44.8667967,-0.5091879,0,2026-09-25T14:20:00+02:00,948,1084,17171,0.055209,0.063130,oui
Z22CT4,BOUCLE,22,Lormont,33249,44.8668593,-0.5092224,0,2026-09-25T14:20:00+02:00,1068,924,14054,0.075993,0.065746,oui
Z5CT18,BOUCLE,5,Bordeaux,33063,44.8308671,-0.5554624,0,2026-09-25T14:20:00+02:00,,,,,,non
Z8CT14,BOUCLE,8,Bordeaux,33063,44.840426,-0.561341,0,2026-09-25T14:20:00+02:00,356,251,3610,0.098615,0.069529,oui
Z8CT3,BOUCLE,8,Bordeaux,33063,44.8462381,-0.5502641,15,2026-09-25T14:20:00+02:00,291,269,3767,0.077250,0.071410,oui
Z8CT18,BOUCLE,8,Bordeaux,33063,44.8532276,-0.5395948,6,2026-09-25T14:20:00+02:00,209,214,2809,0.074404,0.076184,oui
Z8CT17,BOUCLE,8,Cenon,33119,44.8587369,-0.5301693,21,2026-09-25T14:20:00+02:00,445,353,6388,0.069662,0.055260,oui
Z25CT24,BOUCLE,25,Bordeaux,33063,44.8773476,-0.5442623,3,2026-09-25T14:20:00+02:00,71,130,1042,0.068138,0.124760,oui
Z25CT12,BOUCLE,25,Bordeaux,33063,44.8727517,-0.576322,37,2026-09-25T14:20:00+02:00,590,707,7916,0.074533,0.089313,oui
Z25CT4,BOUCLE,25,Bordeaux,33063,44.886478,-0.5604764,,2012-11-29T13:16:20+01:00,,,,,,non
Z25CT1,BOUCLE,25,Bordeaux,33063,44.8909442,-0.5635556,21,2026-09-25T14:20:00+02:00,364,249,3717,0.097928,0.066990,oui
Z16CT2,BOUCLE,16,Pessac,33318,44.8101544,-0.6213496,29,2026-09-25T14:20:00+02:00,419,449,5216,0.080330,0.086081,oui
Z16CT6,BOUCLE,16,Pessac,33318,44.8059414,-0.6321666,22,2026-09-25T14:20:00+02:00,,,,,,non
Z16CT10,BOUCLE,16,Pessac,33318,44.8085464,-0.6314101,18,2026-09-25T14:20:00+02:00,467,533,5808,0.080406,0.091770,oui
Z10CT2,BOUCLE,10,Bordeaux,33063,44.8273029,-0.5923272,60,2026-09-25T14:20:00+02:00,768,848,11828,0.064931,0.071694,oui
Z10CT12,BOUCLE,10,Bordeaux,33063,44.8271287,-0.5949668,29,2026-09-25T14:20:00+02:00,413,308,4976,0.082998,0.061897,oui
Z10CT4,BOUCLE,10,Bordeaux,33063,44.8256255,-0.5896287,51,2026-09-25T14:20:00+02:00,,,,,,non
Z10CT3,BOUCLE,10,Talence,33522,44.8241803,-0.5873978,69,2026-09-25T14:20:00+02:00,853,808,12698,0.067176,0.063632,oui
Z10CT16,BOUCLE,10,Bordeaux,33063,44.8218025,-0.5941816,31,2026-09-25T14:20:00+02:00,,,,,,non
Z10CT9,BOUCLE,10,Talence,33522,44.8192005,-0.5986224,,2013-12-10T14:17:24+01:00,655,640,7462,0.087778,0.085768,oui
Z10CT18,BOUCLE,10,Bordeaux,33063,44.8239599,-0.5997032,0,2026-09-25T14:20:00+02:00,898,766,11726,0.076582,0.065325,oui
Z10CT21,BOUCLE,10,Bordeaux,33063,44.8215831,-0.6017786,0,2026-09-25T14:20:00+02:00,633,673,10536,0.060080,0.063876,oui
Z10CT23,BOUCLE,10,Bordeaux,33063,44.8221412,-0.6013777,0,2026-09-25T14:20:00+02:00,624,695,9675,0.064496,0.071835,oui
Z10CT10,BOUCLE,10,Bordeaux,33063,44.8261209,-0.588,,2013-12-10T14:18:00+01:00,,,,,,non
Z1003CT20,BOUCLE,10,Bordeaux,33063,44.8287153,-0.588199,,2012-11-29T14:18:56+01:00,,,,,,non
Z12AE,SIREDO,12,Bègles,33039,44.809918,-0.5626195,,2012-12-07T18:02:20+01:00,210,284,3410,0.061584,0.083284,oui
Z24AS,SIREDO,24,Eysines,33162,44.8641311,-0.661233,,2012-12-07T18:06:56+01:00,319,403,4668,0.068338,0.086332,oui
Z30CE,SIREDO,30,Mérignac,33281,44.8280339,-0.6701526,,2012-12-07T18:28:12+01:00,,,,,,non
Z30DSN,SIREDO,30,Mérignac,33281,44.827584,-0.638318,,2016-03-09T14:44:28+01:00,,,,,,non
Z30ENS,SIREDO,30,Mérignac,33281,44.8180161,-0.6486935,,2016-03-09T14:45:12+01:00,,,,,,non
Z07AE,SIREDO,7,Mérignac,33281,44.8419538,-0.6627416,,2014-03-07T10:05:12+01:00,392,848,9732,0.040279,0.087135,oui
Z07AS,SIREDO,7,Mérignac,33281,44.8420215,-0.6627592,,2014-03-07T10:05:04+01:00,626,569,9089,0.068874,0.062603,oui
Z05BE,SIREDO,5,Floirac,33167,44.8209103,-0.5319093,,2014-03-07T09:59:48+01:00,601,553,7944,0.075655,0.069612,oui
Z05AE,SIREDO,5,Bègles,33039,44.8148007,-0.535794,,2014-03-07T09:59:04+01:00,,,,,,non
Z17AE,SIREDO,17,Talence,33522,44.8069661,-0.591622,,2012-12-10T09:10:40+01:00,397,447,6358,0.062441,0.070305,oui
Z17BS,SIREDO,17,Talence,33522,44.7975333,-0.6012004,,2012-12-10T09:13:44+01:00,,,,,,non
Z17CS,SIREDO,17,Gradignan,33192,44.7883982,-0.6118538,,2012-12-10T09:15:12+01:00,,,,,,non
Z28CT7,BOUCLE,28,Saint-Médard-en-Jalles,33449,44.8881975,-0.7036716,16,2026-09-25T14:20:00+02:00,457,609,7161,0.063818,0.085044,oui
Z28CT9,BOUCLE,28,Saint-Médard-en-Jalles,33449,44.8960049,-0.7102543,,2012-11-20T16:51:04+01:00,,,,,,non
Z9CT6,BOUCLE,9,Bordeaux,33063,44.833267,-0.5963175,27,2026-09-25T14:20:00+02:00,479,436,6418,0.074634,0.067934,oui
Z9CT11,BOUCLE,9,Bordeaux,33063,44.8332866,-0.6018416,0,2026-09-25T14:20:00+02:00,621,652,9912,0.062651,0.065779,oui
Z9CT18,BOUCLE,9,Bordeaux,33063,44.8308136,-0.6027345,0,2026-09-25T14:20:00+02:00,614,666,9412,0.065236,0.070761,oui
Z9CT19,BOUCLE,9,Bordeaux,33063,44.8297447,-0.6032539,0,2026-09-25T14:20:00+02:00,,,,,,non
Z9CT15,BOUCLE,9,Bordeaux,33063,44.8279171,-0.6125429,29,2026-09-25T14:20:00+02:00,501,407,6419,0.078050,0.063406,oui
Z9CT16,BOUCLE,9,Mérignac,33281,44.8264868,-0.6162352,48,2026-09-25T14:20:00+02:00,417,544,7106,0.058683,0.076555,oui
Z9CT14,BOUCLE,9,Mérignac,33281,44.8265605,-0.6209141,36,2026-09-25T14:20:00+02:00,419,460,6800,0.061618,0.067647,oui
Z9CT17,BOUCLE,9,Mérignac,33281,44.826294,-0.6239714,33,2026-09-25T14:20:00+02:00,431,468,7150,0.060280,0.065455,oui
Z7CT1,BOUCLE,7,Mérignac,33281,44.8395134,-0.637112,0,2026-09-25T14:20:00+02:00,,,,,,non
Z7CT6,BOUCLE,7,Mérignac,33281,44.8409159,-0.642669,28,2026-09-25T14:20:00+02:00,,,,,,non
Z7CT5,BOUCLE,7,Mérignac,33281,44.8416524,-0.6487828,,2012-11-20T17:27:44+01:00,,,,,,non
Z2CT18,BOUCLE,2,Bordeaux,33063,44.8349896,-0.5744029,0,2026-09-25T14:20:00+02:00,262,378,4562,0.057431,0.082858,oui
Z2CT6,BOUCLE,2,Bordeaux,33063,44.8342954,-0.5756362,4,2026-09-25T14:20:00+02:00,97,108,1560,0.062179,0.069231,oui
Z2CT5,BOUCLE,2,Bordeaux,33063,44.8360294,-0.5822065,37,2026-09-25T14:20:00+02:00,73,128,1378,0.052975,0.092888,oui
Z2CT12,BOUCLE,2,Bordeaux,33063,44.8347975,-0.5786524,25,2026-09-25T14:20:00+02:00,296,293,4536,0.065256,0.064594,oui
Z2CT17,BOUCLE,2,Bordeaux,33063,44.8361237,-0.5664178,21,2026-09-25T14:20:00+02:00,393,480,6614,0.059419,0.072573,oui
Z2CT11,BOUCLE,2,Bordeaux,33063,44.8353907,-0.5806023,0,2026-09-25T14:20:00+02:00,476,419,7257,0.065592,0.057737,oui
Z201CT14,BOUCLE,2,Bordeaux,33063,44.8357876,-0.5807869,0,2026-09-25T14:20:00+02:00,,,,,,non
Z2CT8,BOUCLE,2,Bordeaux,33063,44.8356711,-0.5841442,48,2026-09-25T14:20:00+02:00,,,,,,non
Z201CT12,BOUCLE,2,Bordeaux,33063,44.8377188,-0.5813609,29,2026-09-25T14:20:00+02:00,,,,,,non
Z201CT13,BOUCLE,2,Bordeaux,33063,44.8379451,-0.581515,47,2026-09-25T14:20:00+02:00,,,,,,non
Z31CT3,BOUCLE,31,Lormont,33249,44.8864507,-0.5173751,11,2026-09-25T14:20:00+02:00,302,291,4164,0.072526,0.069885,oui
Z1CT5,BOUCLE,1,Bordeaux,33063,44.8393569,-0.5680194,55,2026-09-25T14:20:00+02:00,1291,1083,16376,0.078835,0.066133,oui
Z1CT3,BOUCLE,1,Bordeaux,33063,44.8445919,-0.5705931,5,2026-09-25T14:20:00+02:00,177,307,2688,0.065848,0.114211,oui
Z19CT3,BOUCLE,19,Villenave-d'Ornon,33550,44.7884605,-0.5666828,25,2026-09-25T14:20:00+02:00,469,492,7087,0.066178,0.069423,oui
Z19CT1,BOUCLE,19,Talence,33522,44.8075484,-0.5734752,53,2026-09-25T14:20:00+02:00,634,729,9212,0.068823,0.079136,oui
Z26CT1,BOUCLE,26,Bègles,33039,44.812543,-0.5593751,60,2026-09-25T14:20:00+02:00,696,747,13894,0.050094,0.053764,oui
Z26CT3,BOUCLE,26,Bordeaux,33063,44.8212881,-0.5515518,0,2026-09-25T14:20:00+02:00,324,253,4527,0.071571,0.055887,oui
Z14CT4,BOUCLE,14,Le Bouscat,33069,44.8672419,-0.5759689,31,2026-09-25T14:20:00+02:00,705,620,8377,0.084159,0.074012,oui
Z14CT7,BOUCLE,14,Bordeaux,33063,44.8683337,-0.5699995,101,2026-09-25T14:20:00+02:00,1271,1401,22929,0.055432,0.061102,oui
Z14CT11,BOUCLE,14,Bordeaux,33063,44.8635001,-0.5819972,57,2026-09-25T14:20:00+02:00,642,714,11872,0.054077,0.060142,oui
Z14CT12,BOUCLE,14,Bordeaux,33063,44.8675561,-0.5634319,55,2026-09-25T14:20:00+02:00,1012,1049,14989,0.067516,0.069985,oui
Z30CT2,BOUCLE,30,Mérignac,33281,44.8323384,-0.6601379,55,2026-09-25T14:20:00+02:00,,,,,,non
Z30CT3,BOUCLE,30,Mérignac,33281,44.832095,-0.6702818,35,2026-09-25T14:20:00+02:00,,,,,,non
Z30CT5,BOUCLE,30,Mérignac,33281,44.8329524,-0.6524277,53,2026-09-25T14:20:00+02:00,,,,,,non
Z08BE,SIREDO,8,Bordeaux,33063,44.8533314,-0.5547203,,2014-03-07T10:07:04+01:00,,,,,,non
Z26BE,SIREDO,26,Bègles,33039,44.8157469,-0.5486011,,2014-03-07T09:58:16+01:00,172,183,2432,0.070724,0.075247,oui
Z26CE,SIREDO,26,Bordeaux,33063,44.8199804,-0.5430566,,2015-06-09T17:13:08+02:00,,,,,,non
Z26CS,SIREDO,26,Bordeaux,33063,44.8200209,-0.5431076,,2015-06-09T17:12:56+02:00,,,,,,non
Z27BS,SIREDO,27,Pessac,33318,44.7959846,-0.6603789,,2012-12-11T09:10:24+01:00,384,428,5292,0.072562,0.080877,oui
Z27BE,SIREDO,27,Pessac,33318,44.7960263,-0.6603476,,2012-12-11T09:12:48+01:00,287,489,5362,0.053525,0.091197,oui
Z09AS,SIREDO,9,Mérignac,33281,44.8264724,-0.6174092,,2014-03-07T10:08:52+01:00,,,,,,non
Z10AS,SIREDO,10,Talence,33522,44.816376,-0.6006425,,2012-12-11T09:25:04+01:00,370,518,4694,0.078824,0.110354,oui
Z10BE,SIREDO,10,Bordeaux,33063,44.8222163,-0.606054,,2012-12-11T09:32:52+01:00,349,495,5391,0.064738,0.091820,oui
Z16BS,SIREDO,16,Pessac,33318,44.8054635,-0.6504536,,2012-12-12T16:49:52+01:00,482,474,6202,0.077717,0.076427,oui
Z16CS,SIREDO,16,Pessac,33318,44.7924126,-0.6479102,,2012-12-12T16:54:32+01:00,664,593,7979,0.083218,0.074320,oui
Z16DS,SIREDO,16,Pessac,33318,44.7891491,-0.6352927,,2012-12-12T16:57:20+01:00,,,,,,non
Z27CT2,BOUCLE,27,Pessac,33318,44.7996042,-0.662058,23,2026-09-25T14:20:00+02:00,570,579,6468,0.088126,0.089518,oui
Z15CT15,BOUCLE,15,Bordeaux,33063,44.8506685,-0.5786026,,2016-04-01T17:32:28+02:00,,,,,,non
Z14CT22,BOUCLE,14,Bordeaux,33063,44.856487,-0.5497848,42,2026-09-25T14:20:00+02:00,1138,977,13733,0.082866,0.071143,oui
Z14CT23,BOUCLE,14,Bordeaux,33063,44.8555637,-0.5502598,36,2026-09-25T14:20:00+02:00,494,535,7088,0.069695,0.075480,oui
Z14CT24,BOUCLE,14,Bordeaux,33063,44.8577564,-0.5465688,38,2026-09-25T14:20:00+02:00,893,695,10593,0.084301,0.065609,oui
Z6CT20,BOUCLE,6,Bordeaux,33063,44.8421526,-0.6032137,,2016-04-01T17:53:36+02:00,,,,,,non
Z7CT15,BOUCLE,7,Mérignac,33281,44.84784,-0.6593093,39,2026-09-25T14:20:00+02:00,423,440,5241,0.080710,0.083953,oui
Z7CT16,BOUCLE,7,Mérignac,33281,44.8465713,-0.6568152,22,2026-09-25T14:20:00+02:00,391,386,5108,0.076547,0.075568,oui
Z26CT8,BOUCLE,26,Bègles,33039,44.7993814,-0.5512679,11,2026-09-25T14:20:00+02:00,167,234,2292,0.072862,0.102094,oui
Z13CT21,BOUCLE,13,Bordeaux,33063,44.8501421,-0.5816531,23,2026-09-25T14:20:00+02:00,288,309,3982,0.072325,0.077599,oui
Z30FSN,SIREDO,30,Mérignac,33281,44.8307638,-0.6888185,,2017-02-10T11:17:20+01:00,632,508,7494,0.084334,0.067788,oui
Z30FNS,SIREDO,30,Mérignac,33281,44.8307186,-0.6888973,,2017-02-10T11:17:44+01:00,386,617,6433,0.060003,0.095912,oui
Z13CT16,BOUCLE,13,Bordeaux,33063,44.8449704,-0.5914831,,2014-01-08T07:36:20+01:00,95,84,1080,0.087963,0.077778,oui
Z25CT22,BOUCLE,25,Bordeaux,33063,44.875652,-0.545142,15,2026-09-25T14:20:00+02:00,110,184,2790,0.039427,0.065950,oui
Z22CT7,BOUCLE,22,Lormont,33249,44.8686299,-0.5127086,31,2026-09-25T14:20:00+02:00,279,354,4725,0.059048,0.074921,oui
Z24CT7,BOUCLE,24,Mérignac,33281,44.8568776,-0.6596163,4,2026-09-25T14:20:00+02:00,103,313,2766,0.037238,0.113160,oui
Z24CT9,BOUCLE,24,Mérignac,33281,44.8572262,-0.6587488,93,2026-09-25T14:20:00+02:00,1090,829,14296,0.076245,0.057988,oui
Z24CT8,BOUCLE,24,Eysines,33162,44.8576594,-0.6615434,84,2026-09-25T14:20:00+02:00,1299,1093,16111,0.080628,0.067842,oui
Z30CT20,BOUCLE,30,Mérignac,33281,44.8374847,-0.6469026,19,2026-09-25T14:20:00+02:00,147,424,3398,0.043261,0.124779,oui
Z30CT15,BOUCLE,30,Mérignac,33281,44.8324738,-0.6417697,3,2026-09-25T14:20:00+02:00,68,108,1161,0.058570,0.093023,oui
Z30CT9,BOUCLE,30,Mérignac,33281,44.8327717,-0.6414768,28,2026-09-25T14:20:00+02:00,400,304,4533,0.088242,0.067064,oui
Z30CT14,BOUCLE,30,Mérignac,33281,44.8254007,-0.637387,0,2026-09-25T14:20:00+02:00,456,470,6007,0.075911,0.078242,oui
Z21CT5,BOUCLE,21,Le Bouscat,33069,44.8676326,-0.6072971,,2012-11-15T16:19:56+01:00,,,,,,non
Z21CT1,BOUCLE,21,Le Bouscat,33069,44.8575471,-0.5975564,17,2026-09-25T14:20:00+02:00,384,444,4829,0.079520,0.091945,oui
Z15CT11,BOUCLE,15,Bordeaux,33063,44.8610285,-0.5750774,13,2026-09-25T14:20:00+02:00,156,206,2220,0.070270,0.092793,oui
Z15CT17,BOUCLE,15,Bordeaux,33063,44.8551672,-0.5833673,,2012-11-15T16:53:40+01:00,,,,,,non
Z15CT6,BOUCLE,15,Bordeaux,33063,44.8527806,-0.5742126,0,2026-09-25T14:20:00+02:00,48,57,709,0.067701,0.080395,oui
Z15CT10,BOUCLE,15,Bordeaux,33063,44.8513379,-0.5760157,,2012-11-15T16:56:00+01:00,,,,,,non
Z15CT3,BOUCLE,15,Bordeaux,33063,44.8537214,-0.5726344,36,2026-09-25T14:20:00+02:00,469,440,7224,0.064922,0.060908,oui
Z15CT5,BOUCLE,15,Bordeaux,33063,44.8545587,-0.5728318,14,2026-09-25T14:20:00+02:00,355,398,5350,0.066355,0.074393,oui
Z14CT8,BOUCLE,14,Bordeaux,33063,44.8727927,-0.5654581,0,2026-09-25T14:20:00+02:00,1532,1906,24174,0.063374,0.078845,oui
Z29CT4,BOUCLE,29,Bordeaux,33063,44.848016,-0.5421929,0,2026-09-25T14:20:00+02:00,234,177,2491,0.093938,0.071056,oui
Z29CT1,BOUCLE,29,Floirac,33167,44.8434916,-0.5280074,0,2026-09-25T14:20:00+02:00,2134,1517,20636,0.103412,0.073512,oui
Z29CT2,BOUCLE,29,Cenon,33119,44.8437679,-0.5276973,0,2026-09-25T14:20:00+02:00,455,388,4614,0.098613,0.084092,oui
Z29CT13,BOUCLE,29,Cenon,33119,44.8473575,-0.5101398,19,2026-09-25T14:20:00+02:00,170,231,2689,0.063221,0.085906,oui
Z29CT12,BOUCLE,29,Cenon,33119,44.8542692,-0.5151484,,2012-11-19T17:41:56+01:00,,,,,,non
Z29CT11,BOUCLE,29,Bordeaux,33063,44.8383479,-0.546465,0,2026-09-25T14:20:00+02:00,,,,,,non
Z17CT1,BOUCLE,17,Talence,33522,44.8136792,-0.5895382,26,2026-09-25T14:20:00+02:00,420,418,4995,0.084084,0.083684,oui
Z17CT13,BOUCLE,17,Talence,33522,44.8103781,-0.5860985,15,2026-09-25T14:20:00+02:00,188,298,2312,0.081315,0.128893,oui
Z17CT12,BOUCLE,17,Talence,33522,44.8077899,-0.5861693,,2013-12-13T13:58:08+01:00,,,,,,non
Z17CT14,BOUCLE,17,Talence,33522,44.8064545,-0.5919132,,2013-12-13T13:52:52+01:00,,,,,,non
Z17CT3,BOUCLE,17,Talence,33522,44.8000395,-0.5969238,54,2026-09-25T14:20:00+02:00,957,1007,12504,0.076536,0.080534,oui
Z17CT10,BOUCLE,17,Talence,33522,44.7969561,-0.601912,67,2026-09-25T14:20:00+02:00,1001,1126,14204,0.070473,0.079273,oui
Z17CT4,BOUCLE,17,Gradignan,33192,44.7911423,-0.6052748,95,2026-09-25T14:20:00+02:00,1636,1307,18751,0.087249,0.069703,oui
Z17CT8,BOUCLE,17,Gradignan,33192,44.7840078,-0.6064484,0,2026-09-25T14:20:00+02:00,668,742,8644,0.077279,0.085840,oui
Z1704CT2,BOUCLE,17,Talence,33522,44.8078412,-0.6014793,0,2026-09-25T14:20:00+02:00,,,,,,non
Z1704CT8,BOUCLE,17,Talence,33522,44.8078272,-0.601676,11,2026-09-25T14:20:00+02:00,,,,,,non
Z1704CT1,BOUCLE,17,Talence,33522,44.8067122,-0.6004321,0,2026-09-25T14:20:00+02:00,,,,,,non
Z1704CT6,BOUCLE,17,Talence,33522,44.8077778,-0.6003299,27,2026-09-25T14:20:00+02:00,,,,,,non
Z1704CT11,BOUCLE,17,Talence,33522,44.8071588,-0.6029413,4,2026-09-25T14:20:00+02:00,,,,,,non
Z14CT9,BOUCLE,14,Bordeaux,33063,44.8739855,-0.5651702,0,2026-09-25T14:20:00+02:00,1977,1466,23161,0.085359,0.063296,oui
Z14CT21,BOUCLE,14,Bordeaux,33063,44.8709142,-0.5639288,30,2026-09-25T14:20:00+02:00,271,295,5061,0.053547,0.058289,oui
Z14CT16,BOUCLE,14,Bordeaux,33063,44.8600107,-0.5542572,0,2026-09-25T14:20:00+02:00,376,338,5584,0.067335,0.060530,oui
Z5CT4,BOUCLE,5,Bordeaux,33063,44.8320935,-0.5471313,32,2026-09-25T14:20:00+02:00,698,597,7729,0.090309,0.077242,oui
Z5CT10,BOUCLE,5,Bordeaux,33063,44.8285205,-0.5570145,0,2026-09-25T14:20:00+02:00,678,728,10962,0.061850,0.066411,oui
Z5CT12,BOUCLE,5,Bordeaux,33063,44.8280286,-0.5602663,44,2026-09-25T14:20:00+02:00,,,,,,non
Z5CT22,BOUCLE,5,Bordeaux,33063,44.8319901,-0.5592043,80,2026-09-25T14:20:00+02:00,1589,1352,20026,0.079347,0.067512,oui
Z5CT21,BOUCLE,5,Bordeaux,33063,44.8307692,-0.5567075,0,2026-09-25T14:20:00+02:00,,,,,,non
Z5CT20,BOUCLE,5,Bordeaux,33063,44.8307728,-0.5568506,0,2026-09-25T14:20:00+02:00,498,475,6625,0.075170,0.071698,oui
Z3CT2,BOUCLE,3,Bordeaux,33063,44.8321527,-0.5784148,,2012-11-27T17:33:48+01:00,,,,,,non
Z3CT9,BOUCLE,3,Bordeaux,33063,44.8325049,-0.5800242,10,2026-09-25T14:20:00+02:00,318,227,3215,0.098911,0.070607,oui
Z3CT4,BOUCLE,3,Bordeaux,33063,44.8334458,-0.584355,,2012-11-27T17:37:36+01:00,,,,,,non
Z3CT3,BOUCLE,3,Bordeaux,33063,44.8324809,-0.5737749,,2012-11-27T17:48:24+01:00,,,,,,non
Z3CT11,BOUCLE,3,Bordeaux,33063,44.829968,-0.5686654,0,2026-09-25T14:20:00+02:00,413,427,7085,0.058292,0.060268,oui
Z11CT14,BOUCLE,11,Talence,33522,44.8195011,-0.5800581,68,2026-09-25T14:20:00+02:00,578,854,12520,0.046166,0.068211,oui
Z20CT6,BOUCLE,20,Bordeaux,33063,44.8546723,-0.612732,,2012-11-27T18:27:28+01:00,,,,,,non
Z23CT6,BOUCLE,23,Eysines,33162,44.8856377,-0.6381169,0,2026-09-25T14:20:00+02:00,328,322,4758,0.068937,0.067675,oui
Z23CT9,BOUCLE,23,Le Bouscat,33069,44.8757365,-0.6241313,21,2026-09-25T14:20:00+02:00,440,419,5240,0.083969,0.079962,oui
Z13CT20,BOUCLE,13,Le Bouscat,33069,44.8539436,-0.5970567,27,2026-09-25T14:20:00+02:00,351,433,5567,0.063050,0.077780,oui
Z13CT10,BOUCLE,13,Bordeaux,33063,44.8522568,-0.5989566,14,2026-09-25T14:20:00+02:00,493,460,6907,0.071377,0.066599,oui
Z13CT11,BOUCLE,13,Bordeaux,33063,44.8477137,-0.5962435,27,2026-09-25T14:20:00+02:00,,,,,,non
Z13CT19,BOUCLE,13,Bordeaux,33063,44.8465873,-0.5977932,0,2026-09-25T14:20:00+02:00,,,,,,non
Z13CT6,BOUCLE,13,Bordeaux,33063,44.851894,-0.5905623,,2013-12-10T14:32:32+01:00,,,,,,non
Z13CT18,BOUCLE,13,Bordeaux,33063,44.8460137,-0.57922,25,2026-09-25T14:20:00+02:00,283,268,4741,0.059692,0.056528,oui
Z13CT15,BOUCLE,13,Bordeaux,33063,44.8539933,-0.5889454,22,2026-09-25T14:20:00+02:00,363,373,4449,0.081591,0.083839,oui
Z402CT1,BOUCLE,4,Bordeaux,33063,44.8358368,-0.5890411,5,2026-09-25T14:20:00+02:00,,,,,,non
Z402CT3,BOUCLE,4,Bordeaux,33063,44.8376906,-0.5882459,21,2026-09-25T14:20:00+02:00,,,,,,non
Z402CT6,BOUCLE,4,Bordeaux,33063,44.8378809,-0.5878793,19,2026-09-25T14:20:00+02:00,,,,,,non
Z402CT4,BOUCLE,4,Bordeaux,33063,44.8378184,-0.5869588,11,2026-09-25T14:20:00+02:00,,,,,,non
Z4CT12,BOUCLE,4,Bordeaux,33063,44.8416789,-0.5836771,0,2026-09-25T14:20:00+02:00,88,120,1775,0.049577,0.067606,oui
Z4CT5,BOUCLE,4,Bordeaux,33063,44.8451892,-0.5771995,1,2026-09-25T14:20:00+02:00,53,55,978,0.054192,0.056237,oui
Z4CT16,BOUCLE,4,Bordeaux,33063,44.8459513,-0.5775646,0,2026-09-25T14:20:00+02:00,,,,,,non
Z4CT21,BOUCLE,4,Bordeaux,33063,44.843029,-0.5734156,0,2026-09-25T14:20:00+02:00,222,252,3418,0.064950,0.073727,oui
Z27CT15,BOUCLE,27,Pessac,33318,44.7867141,-0.6540008,14,2026-09-25T14:20:00+02:00,154,255,1968,0.078252,0.129573,oui
Z27CT16,BOUCLE,27,Pessac,33318,44.7868408,-0.6545411,24,2026-09-25T14:20:00+02:00,211,334,3502,0.060251,0.095374,oui
Z31CT8,BOUCLE,31,Bassens,33032,44.8950734,-0.5169007,30,2026-09-25T14:20:00+02:00,601,490,7016,0.085661,0.069840,oui
Z12CT3,BOUCLE,12,Bordeaux,33063,44.8167011,-0.572279,33,2026-09-25T14:20:00+02:00,350,389,5544,0.063131,0.070166,oui
Z12CT4,BOUCLE,12,Talence,33522,44.8123105,-0.5736763,0,2026-09-25T14:20:00+02:00,696,734,9868,0.070531,0.074382,oui
Z12CT13,BOUCLE,12,Bordeaux,33063,44.8140437,-0.5682382,43,2026-09-25T14:20:00+02:00,529,537,8127,0.065092,0.066076,oui
Z12CT11,BOUCLE,12,Bordeaux,33063,44.8133303,-0.5643599,54,2026-09-25T14:20:00+02:00,503,610,7848,0.064093,0.077727,oui
Z18CT1,BOUCLE,18,Gradignan,33192,44.7762187,-0.6112155,28,2026-09-25T14:20:00+02:00,340,466,5371,0.063303,0.086762,oui
Z18CT4,BOUCLE,18,Gradignan,33192,44.7721693,-0.6144475,26,2026-09-25T14:20:00+02:00,324,275,3562,0.090960,0.077204,oui
Z18CT10,BOUCLE,18,Gradignan,33192,44.7766522,-0.6109242,31,2026-09-25T14:20:00+02:00,500,489,5873,0.085135,0.083262,oui
Z23DS,SIREDO,23,Bruges,33075,44.8862756,-0.5945167,,2012-12-10T09:32:12+01:00,,,,,,non
Z23DE,SIREDO,23,Bruges,33075,44.8862482,-0.5945388,,2012-12-10T09:32:28+01:00,,,,,,non
Z29DE,SIREDO,29,Cenon,33119,44.8533032,-0.5067724,,2012-12-10T09:37:36+01:00,,,,,,non
Z29CS,SIREDO,29,Cenon,33119,44.8459469,-0.5349044,,2012-12-10T09:43:08+01:00,520,1260,12021,0.043258,0.104817,oui
Z29BE,SIREDO,29,Bordeaux,33063,44.8435638,-0.5409774,,2012-12-10T09:45:40+01:00,1669,1445,18612,0.089673,0.077638,oui
Z20BS,SIREDO,20,Bordeaux,33063,44.8456557,-0.6119545,,2012-12-10T10:08:36+01:00,,,,,,non
Z22AS,SIREDO,22,Lormont,33249,44.8739639,-0.5367267,,2012-12-10T10:18:00+01:00,,,,,,non
Z22AE,SIREDO,22,Lormont,33249,44.8739806,-0.5367812,,2012-12-10T10:18:16+01:00,,,,,,non
Z22BS,SIREDO,22,Lormont,33249,44.8709105,-0.5120443,,2012-12-10T10:23:16+01:00,240,500,5223,0.045951,0.095730,oui
Z22BE,SIREDO,22,Lormont,33249,44.8709175,-0.5121138,,2012-12-10T10:22:56+01:00,283,472,5838,0.048476,0.080850,oui
Z22DE,SIREDO,22,Lormont,33249,44.8815628,-0.517048,,2012-12-10T10:27:48+01:00,,,,,,non
Z21CE,SIREDO,21,Le Bouscat,33069,44.8596079,-0.592366,,2012-12-18T15:32:44+01:00,244,255,3374,0.072318,0.075578,oui
Z21DE,SIREDO,21,Le Bouscat,33069,44.8662583,-0.5904316,,2012-12-18T15:39:48+01:00,,,,,,non
Z25CT16,BOUCLE,25,Bordeaux,33063,44.8764029,-0.5714706,3,2026-09-25T14:20:00+02:00,48,106,1076,0.044610,0.098513,oui
Z25CT19,BOUCLE,25,Bordeaux,33063,44.8970393,-0.5658184,23,2026-09-25T14:20:00+02:00,500,287,4125,0.121212,0.069576,oui
Z5CT19,BOUCLE,5,Bordeaux,33063,44.8310596,-0.5590718,20,2026-09-25T14:20:00+02:00,822,670,10039,0.081881,0.066740,oui
Z7CS,SIREDO,7,Martignas-sur-Jalle,33273,44.8341908,-0.8009803,,2020-05-04T14:43:52+02:00,,,,,,non
Z30GE,SIREDO,30,Mérignac,33281,44.8122536,-0.6966949,,2020-05-04T14:48:39+02:00,904,898,11992,0.075384,0.074883,oui
Z19CT24,BOUCLE,19,Villenave-d'Ornon,33550,44.787185,-0.5681314,19,2026-09-25T14:20:00+02:00,,,,,,non
Z28AE,SIREDO,28,Saint-Médard-en-Jalles,33449,44.8655621,-0.7138188,,2021-05-18T14:28:22+02:00,0,568,8135,0.000000,0.069822,oui
Z27CT8,BOUCLE,27,Pessac,33318,44.8027867,-0.6647268,25,2026-09-25T14:20:00+02:00,591,371,5255,0.112464,0.070599,oui
Z24CT16,BOUCLE,24,Le Haillan,33200,44.8755927,-0.6794661,31,2026-09-25T14:20:00+02:00,,,,,,non
Z24CT15,BOUCLE,24,Eysines,33162,44.8636186,-0.6585592,30,2026-09-25T14:20:00+02:00,,,,,,non
Z5CT2,BOUCLE,5,Bordeaux,33063,44.8297048,-0.5532541,72,2026-09-25T14:20:00+02:00,,,,,,non
Z5CT6,BOUCLE,5,Bordeaux,33063,44.8222082,-0.541773,20,2026-09-25T14:20:00+02:00,795,615,8182,0.097165,0.075165,oui
Z5CT1,BOUCLE,5,Bordeaux,33063,44.8208243,-0.5415316,50,2026-09-25T14:20:00+02:00,,,,,,non
Z24CT3,BOUCLE,24,Le Haillan,33200,44.8697519,-0.6735089,19,2026-09-25T14:20:00+02:00,651,757,8077,0.080599,0.093723,oui
Z24CT1,BOUCLE,24,Eysines,33162,44.8608559,-0.6391191,24,2026-09-25T14:20:00+02:00,481,497,5420,0.088745,0.091697,oui
Z6CT1,BOUCLE,6,Bordeaux,33063,44.8444604,-0.5991384,83,2026-09-25T14:20:00+02:00,,,,,,non
Z6CT16,BOUCLE,6,Bordeaux,33063,44.8411116,-0.5876603,0,2026-09-25T14:20:00+02:00,266,285,4233,0.062840,0.067328,oui
Z6CT14,BOUCLE,6,Bordeaux,33063,44.8424901,-0.5897733,31,2026-09-25T14:20:00+02:00,373,360,4476,0.083333,0.080429,oui
Z6CT11,BOUCLE,6,Bordeaux,33063,44.8367677,-0.6062594,0,2026-09-25T14:20:00+02:00,761,668,9560,0.079603,0.069874,oui
Z6CT18,BOUCLE,6,Bordeaux,33063,44.8384321,-0.600481,0,2026-09-25T14:20:00+02:00,325,252,3493,0.093043,0.072144,oui
Z27CT10,BOUCLE,27,Pessac,33318,44.7961955,-0.6608505,,2012-11-16T16:14:28+01:00,,,,,,non
Z27CT4,BOUCLE,27,Pessac,33318,44.7948634,-0.668817,49,2026-09-25T14:20:00+02:00,513,730,8938,0.057395,0.081674,oui
Z22CT10,BOUCLE,22,Lormont,33249,44.8797593,-0.5239218,11,2026-09-25T14:20:00+02:00,176,247,2752,0.063953,0.089753,oui
Z22CT8,BOUCLE,22,Lormont,33249,44.8651928,-0.5158591,0,2026-09-25T14:20:00+02:00,1033,716,11705,0.088253,0.061170,oui
Z22CT2,BOUCLE,22,Lormont,33249,44.8674405,-0.5129006,28,2026-09-25T14:20:00+02:00,324,462,5371,0.060324,0.086018,oui
Z2201CT3,BOUCLE,22,Lormont,33249,44.8781007,-0.5184823,46,2026-09-25T14:20:00+02:00,,,,,,non
Z2201CT6,BOUCLE,22,Lormont,33249,44.8665095,-0.5240393,30,2026-09-25T14:20:00+02:00,,,,,,non
Z2201CT2,BOUCLE,22,Cenon,33119,44.8577014,-0.5192962,16,2026-09-25T14:20:00+02:00,,,,,,non
Z4CT6,BOUCLE,4,Bordeaux,33063,44.8398968,-0.58598,33,2026-09-25T14:20:00+02:00,372,334,5267,0.070628,0.063414,oui
Z13CT1,BOUCLE,13,Le Bouscat,33069,44.8608605,-0.5881391,53,2026-09-25T14:20:00+02:00,511,572,9962,0.051295,0.057418,oui
Z5CT17,BOUCLE,5,Bordeaux,33063,44.8309281,-0.5555509,0,2026-09-25T14:20:00+02:00,1977,1768,22518,0.087796,0.078515,oui
Z8CT15,BOUCLE,8,Bordeaux,33063,44.839406,-0.5601731,24,2026-09-25T14:20:00+02:00,367,493,5262,0.069745,0.093691,oui
Z8CT13,BOUCLE,8,Bordeaux,33063,44.8407537,-0.5588785,0,2026-09-25T14:20:00+02:00,96,125,1560,0.061538,0.080128,oui
Z8CT12,BOUCLE,8,Bordeaux,33063,44.8470602,-0.5486054,11,2026-09-25T14:20:00+02:00,,,,,,non
Z8CT4,BOUCLE,8,Bordeaux,33063,44.8490958,-0.5456037,19,2026-09-25T14:20:00+02:00,320,287,4271,0.074924,0.067197,oui
Z8CT5,BOUCLE,8,Bordeaux,33063,44.8522146,-0.5405147,18,2026-09-25T14:20:00+02:00,302,225,3509,0.086064,0.064121,oui
Z8CT6,BOUCLE,8,Cenon,33119,44.854952,-0.5360485,18,2026-09-25T14:20:00+02:00,399,308,5165,0.077251,0.059632,oui
Z8CT9,BOUCLE,8,Cenon,33119,44.8536719,-0.5378068,36,2026-09-25T14:20:00+02:00,427,560,6855,0.062290,0.081692,oui
Z8CT8,BOUCLE,8,Cenon,33119,44.858624,-0.5301829,,2013-12-10T14:12:16+01:00,,,,,,non
Z8CT10,BOUCLE,8,Cenon,33119,44.8519235,-0.538022,15,2026-09-25T14:20:00+02:00,356,400,4838,0.073584,0.082679,oui
Z8CT11,BOUCLE,8,Cenon,33119,44.8510566,-0.5379822,0,2026-09-25T14:20:00+02:00,,,,,,non
Z25CT14,BOUCLE,25,Bruges,33075,44.8733679,-0.5767226,26,2026-09-25T14:20:00+02:00,728,680,8466,0.085991,0.080321,oui
Z25CT11,BOUCLE,25,Bruges,33075,44.8747258,-0.5767856,26,2026-09-25T14:20:00+02:00,636,633,6871,0.092563,0.092126,oui
Z25CT8,BOUCLE,25,Bordeaux,33063,44.8833449,-0.5714202,,2012-11-29T13:12:40+01:00,,,,,,non
Z25CT5,BOUCLE,25,Bordeaux,33063,44.8903701,-0.5619807,10,2026-09-25T14:20:00+02:00,472,255,2931,0.161037,0.087001,oui
Z16CT1,BOUCLE,16,Pessac,33318,44.8124608,-0.6152683,0,2026-09-25T14:20:00+02:00,537,482,5803,0.092538,0.083060,oui
Z16CT7,BOUCLE,16,Pessac,33318,44.8081266,-0.6253713,18,2026-09-25T14:20:00+02:00,290,385,4293,0.067552,0.089681,oui
Z16CT3,BOUCLE,16,Pessac,33318,44.8068402,-0.6282953,30,2026-09-25T14:20:00+02:00,315,411,4954,0.063585,0.082963,oui
Z16CT5,BOUCLE,16,Pessac,33318,44.8026125,-0.6420863,32,2026-09-25T14:20:00+02:00,430,498,5311,0.080964,0.093768,oui
Z16CT13,BOUCLE,16,Pessac,33318,44.8079654,-0.6323673,14,2026-09-25T14:20:00+02:00,263,284,3081,0.085362,0.092178,oui
Z10CT1,BOUCLE,10,Bordeaux,33063,44.8295103,-0.5956811,0,2026-09-25T14:20:00+02:00,568,570,8708,0.065227,0.065457,oui
Z10CT7,BOUCLE,10,Talence,33522,44.8244206,-0.5909672,33,2026-09-25T14:20:00+02:00,632,595,7616,0.082983,0.078125,oui
Z10CT17,BOUCLE,10,Talence,33522,44.8151757,-0.6005876,17,2026-09-25T14:20:00+02:00,416,418,4642,0.089617,0.090047,oui
Z10CT6,BOUCLE,10,Bordeaux,33063,44.8272679,-0.5864661,0,2026-09-25T14:20:00+02:00,392,335,4358,0.089950,0.076870,oui
Z10CT24,BOUCLE,10,Bordeaux,33063,44.8279048,-0.586062,0,2026-09-25T14:20:00+02:00,,,,,,non
Z10CT22,BOUCLE,10,Bordeaux,33063,44.8296951,-0.5867506,,2013-12-10T14:18:24+01:00,,,,,,non
Z10CT5,BOUCLE,10,Bordeaux,33063,44.8309749,-0.5872776,,2013-12-10T14:18:32+01:00,,,,,,non
Z10CT11,BOUCLE,10,Bordeaux,33063,44.8304541,-0.5886214,0,2026-09-25T14:20:00+02:00,290,273,3152,0.092005,0.086612,oui
Z06AS,SIREDO,6,Bordeaux,33063,44.83862,-0.6229248,,2014-03-07T10:03:48+01:00,,,,,,non
Z06AE,SIREDO,6,Mérignac,33281,44.8385785,-0.6229289,,2014-03-07T10:03:56+01:00,,,,,,non
Z12AS,SIREDO,12,Bègles,33039,44.8099092,-0.5626524,,2012-12-07T18:02:40+01:00,141,309,3289,0.042870,0.093950,oui
Z30AE,SIREDO,30,Mérignac,33281,44.8326318,-0.6623322,,2012-12-07T18:22:28+01:00,,,,,,non
Z30AS,SIREDO,30,Mérignac,33281,44.8324481,-0.6610523,,2012-12-07T18:23:52+01:00,,,,,,non
Z30CS,SIREDO,30,Mérignac,33281,44.828074,-0.6701619,,2012-12-07T18:28:00+01:00,,,,,,non
Z30DNS,SIREDO,30,Mérignac,33281,44.8283244,-0.6388064,,2016-03-09T14:44:16+01:00,,,,,,non
Z30ESN,SIREDO,30,Mérignac,33281,44.818024,-0.6486507,,2016-03-09T14:45:04+01:00,,,,,,non
Z07BE,SIREDO,7,Mérignac,33281,44.8482381,-0.66027,,2014-03-07T10:05:40+01:00,468,456,5486,0.085308,0.083121,oui
Z07BS,SIREDO,7,Mérignac,33281,44.8482655,-0.6602583,,2014-03-07T10:05:36+01:00,535,680,8186,0.065355,0.083069,oui
Z19AE,SIREDO,19,Bègles,33039,44.8018269,-0.57093,,2012-12-10T08:29:56+01:00,414,424,6147,0.067350,0.068977,oui
Z19AS,SIREDO,19,Villenave-d'Ornon,33550,44.8018224,-0.5709667,,2012-12-10T08:30:08+01:00,363,547,6920,0.052457,0.079046,oui
Z19BE,SIREDO,19,Bègles,33039,44.78612,-0.5663888,,2012-12-10T08:31:48+01:00,621,695,10072,0.061656,0.069003,oui
Z19BS,SIREDO,19,Villenave-d'Ornon,33550,44.7861174,-0.5664326,,2012-12-10T08:32:12+01:00,514,653,9392,0.054727,0.069527,oui
Z19DE,SIREDO,19,Villenave-d'Ornon,33550,44.7986736,-0.577359,,2012-12-10T08:40:56+01:00,,,,,,non
Z19DS,SIREDO,19,Talence,33522,44.7987032,-0.5774178,,2012-12-10T08:41:16+01:00,,,,,,non
Z19CE,SIREDO,19,Villenave-d'Ornon,33550,44.787943,-0.586807,,2012-12-10T08:45:16+01:00,,,,,,non
Z19CS,SIREDO,19,Villenave-d'Ornon,33550,44.7879374,-0.5868473,,2012-12-10T08:45:28+01:00,,,,,,non
Z25AE,SIREDO,25,Bruges,33075,44.8694639,-0.5762093,,2012-12-10T08:49:08+01:00,,,,,,non
Z25AS,SIREDO,25,Bordeaux,33063,44.8694648,-0.5759597,,2012-12-10T08:49:28+01:00,,,,,,non
Z05AS,SIREDO,5,Bègles,33039,44.8147942,-0.5358273,,2014-03-07T09:59:20+01:00,,,,,,non
Z05CS,SIREDO,5,Bordeaux,33063,44.8310564,-0.5552862,,2014-03-07T10:02:28+01:00,,,,,,non
Z05CE,SIREDO,5,Bordeaux,33063,44.8310991,-0.5553676,,2014-03-07T10:02:16+01:00,,,,,,non
Z17BE,SIREDO,17,Talence,33522,44.7974534,-0.6011167,,2012-12-10T09:13:28+01:00,,,,,,non
Z17ES,SIREDO,17,Talence,33522,44.8132352,-0.5865979,,2012-12-10T09:20:32+01:00,39,46,514,0.075875,0.089494,oui
Z23AS,SIREDO,23,Eysines,33162,44.8782685,-0.6446846,,2012-12-10T09:25:12+01:00,,,,,,non
Z23BS,SIREDO,23,Bruges,33075,44.8875495,-0.6101782,,2012-12-10T09:29:12+01:00,,,,,,non
Z23BE,SIREDO,23,Bruges,33075,44.887541,-0.6102266,,2012-12-10T09:29:28+01:00,,,,,,non
Z28CT2,BOUCLE,28,Saint-Médard-en-Jalles,33449,44.8890165,-0.7051607,30,2026-09-25T14:20:00+02:00,346,1028,9206,0.037584,0.111666,oui
Z28CT3,BOUCLE,28,Saint-Médard-en-Jalles,33449,44.8930275,-0.7109042,26,2026-09-25T14:20:00+02:00,169,387,4346,0.038886,0.089047,oui
Z28CT6,BOUCLE,28,Saint-Médard-en-Jalles,33449,44.8938252,-0.7121225,,2012-11-20T16:57:32+01:00,,,,,,non
Z28CT5,BOUCLE,28,Saint-Médard-en-Jalles,33449,44.8956445,-0.7236396,7,2026-09-25T14:20:00+02:00,,,,,,non
Z9CT1,BOUCLE,9,Bordeaux,33063,44.8356721,-0.5989345,58,2026-09-25T14:20:00+02:00,1134,944,15936,0.071160,0.059237,oui
Z9CT8,BOUCLE,9,Bordeaux,33063,44.8343362,-0.5890553,18,2026-09-25T14:20:00+02:00,353,421,5890,0.059932,0.071477,oui
Z9CT9,BOUCLE,9,Bordeaux,33063,44.8333594,-0.5968623,31,2026-09-25T14:20:00+02:00,433,558,7223,0.059947,0.077253,oui
Z9CT3,BOUCLE,9,Bordeaux,33063,44.8305887,-0.5971173,0,2026-09-25T14:20:00+02:00,790,855,11550,0.068398,0.074026,oui
Z7CT12,BOUCLE,7,Mérignac,33281,44.8400676,-0.6399421,0,2026-09-25T14:20:00+02:00,562,471,6486,0.086648,0.072618,oui
Z7CT7,BOUCLE,7,Mérignac,33281,44.8440794,-0.6453064,15,2026-09-25T14:20:00+02:00,387,278,3775,0.102517,0.073642,oui
Z7CT8,BOUCLE,7,Mérignac,33281,44.8407884,-0.6469625,22,2026-09-25T14:20:00+02:00,164,305,3120,0.052564,0.097756,oui
Z2CT1,BOUCLE,2,Bordeaux,33063,44.8353441,-0.5751057,13,2026-09-25T14:20:00+02:00,173,233,3436,0.050349,0.067811,oui
Z2CT9,BOUCLE,2,Bordeaux,33063,44.8349387,-0.573224,0,2026-09-25T14:20:00+02:00,601,550,8965,0.067038,0.061350,oui
Z2CT19,BOUCLE,2,Bordeaux,33063,44.8345263,-0.5783005,8,2026-09-25T14:20:00+02:00,,,,,,non
Z2CT2,BOUCLE,2,Bordeaux,33063,44.8371982,-0.564751,0,2026-09-25T14:20:00+02:00,,,,,,non
Z2CT22,BOUCLE,2,Bordeaux,33063,44.8372521,-0.5657687,7,2026-09-25T14:20:00+02:00,102,100,1701,0.059965,0.058789,oui
Z2CT20,BOUCLE,2,Bordeaux,33063,44.8375771,-0.5665184,17,2026-09-25T14:20:00+02:00,88,130,2304,0.038194,0.056424,oui
Z2CT24,BOUCLE,2,Bordeaux,33063,44.8374369,-0.5753423,8,2026-09-25T14:20:00+02:00,119,199,3111,0.038251,0.063967,oui
Z2CT14,BOUCLE,2,Bordeaux,33063,44.836255,-0.5786243,2,2026-09-25T14:20:00+02:00,54,85,944,0.057203,0.090042,oui
Z201CT2,BOUCLE,2,Bordeaux,33063,44.8371741,-0.5782184,2420,2026-09-25T14:20:00+02:00,,,,,,non
Z31CT2,BOUCLE,31,Lormont,33249,44.886753,-0.5193922,0,2026-09-25T14:20:00+02:00,578,912,10132,0.057047,0.090012,oui
Z1CT13,BOUCLE,1,Bordeaux,33063,44.835321,-0.5637112,72,2026-09-25T14:20:00+02:00,1581,1336,19952,0.079240,0.066961,oui
Z1CT6,BOUCLE,1,Bordeaux,33063,44.836033,-0.5642885,,2012-11-20T18:30:08+01:00,359,327,5191,0.069158,0.062994,oui
Z1CT1,BOUCLE,1,Bordeaux,33063,44.8479412,-0.5707219,33,2026-09-25T14:20:00+02:00,745,723,10645,0.069986,0.067919,oui
Z1CT10,BOUCLE,1,Bordeaux,33063,44.8492229,-0.5702856,32,2026-09-25T14:20:00+02:00,632,597,9109,0.069382,0.065540,oui
Z1CT11,BOUCLE,1,Bordeaux,33063,44.85043,-0.5694998,22,2026-09-25T14:20:00+02:00,657,659,9408,0.069834,0.070047,oui
Z19CT16,BOUCLE,19,Bègles,33039,44.8087482,-0.5738578,25,2026-09-25T14:20:00+02:00,505,521,7670,0.065841,0.067927,oui
Z19CT4,BOUCLE,19,Bègles,33039,44.7882556,-0.5655128,19,2026-09-25T14:20:00+02:00,368,273,3955,0.093047,0.069027,oui
Z26CT2,BOUCLE,26,Bordeaux,33063,44.8204665,-0.5422826,52,2026-09-25T14:20:00+02:00,,,,,,non
Z26CT5,BOUCLE,26,Bordeaux,33063,44.8194975,-0.5494181,13,2026-09-25T14:20:00+02:00,237,224,3271,0.072455,0.068481,oui
Z26CT4,BOUCLE,26,Bordeaux,33063,44.8211644,-0.5484255,25,2026-09-25T14:20:00+02:00,,,,,,non
Z14CT2,BOUCLE,14,Bordeaux,33063,44.8637315,-0.5812467,0,2026-09-25T14:20:00+02:00,927,704,13383,0.069267,0.052604,oui
Z14CT5,BOUCLE,14,Bordeaux,33063,44.8664314,-0.5756295,30,2026-09-25T14:20:00+02:00,519,549,7046,0.073659,0.077917,oui
Z14CT19,BOUCLE,14,Bordeaux,33063,44.8610213,-0.5630634,,2012-11-23T15:55:32+01:00,523,676,7811,0.066957,0.086545,oui
Z30CT10,BOUCLE,30,Mérignac,33281,44.8286907,-0.665899,35,2026-09-25T14:20:00+02:00,,,,,,non
Z19CT10,BOUCLE,19,Bègles,33039,44.7877349,-0.5660387,23,2026-09-25T14:20:00+02:00,267,259,3381,0.078971,0.076605,oui
Z26AS,SIREDO,26,Bègles,33039,44.7966209,-0.54156,,2012-12-11T08:52:04+01:00,371,617,6937,0.053481,0.088943,oui
Z27AE,SIREDO,27,Pessac,33318,44.8006357,-0.657231,,2012-12-11T09:05:48+01:00,369,588,6275,0.058805,0.093705,oui
Z27AS,SIREDO,27,Pessac,33318,44.8006745,-0.6572624,,2012-12-11T09:06:04+01:00,317,623,6820,0.046481,0.091349,oui
Z09AE,SIREDO,9,Mérignac,33281,44.8263785,-0.617425,,2014-03-07T10:09:00+01:00,,,,,,non
Z10BS,SIREDO,10,Bordeaux,33063,44.8222504,-0.6060929,,2012-12-11T09:33:08+01:00,389,455,5340,0.072846,0.085206,oui
Z16AS,SIREDO,16,Pessac,33318,44.8144057,-0.6113622,,2012-12-12T16:45:04+01:00,402,412,5260,0.076426,0.078327,oui
Z16CE,SIREDO,16,Pessac,33318,44.792394,-0.647881,,2012-12-12T16:54:00+01:00,420,803,7822,0.053695,0.102659,oui
Z4CT24,BOUCLE,4,Bordeaux,33063,44.8498835,-0.5759775,39,2026-09-25T14:20:00+02:00,147,235,2197,0.066909,0.106964,oui
Z14CT3,BOUCLE,14,Bordeaux,33063,44.8599429,-0.5535621,73,2026-09-25T14:20:00+02:00,927,1157,14374,0.064491,0.080493,oui
Z26CT7,BOUCLE,26,Bègles,33039,44.8103921,-0.5515825,7,2026-09-25T14:20:00+02:00,121,112,1192,0.101510,0.093960,oui
Z16CT9,BOUCLE,16,Pessac,33318,44.8105199,-0.6256666,8,2026-09-25T14:20:00+02:00,192,260,2316,0.082902,0.112263,oui
Z5CT8,BOUCLE,5,Bordeaux,33063,44.8244527,-0.5576111,30,2026-09-25T14:20:00+02:00,574,519,8471,0.067761,0.061268,oui
Z1003CT23,BOUCLE,10,Bordeaux,33063,44.8278827,-0.5851574,17,2026-09-25T14:20:00+02:00,,,,,,non
Z24CT10,BOUCLE,24,Mérignac,33281,44.8572088,-0.6588304,54,2026-09-25T14:20:00+02:00,553,819,11150,0.049596,0.073453,oui
Z30CT22,BOUCLE,30,Mérignac,33281,44.8279402,-0.6643717,27,2026-09-25T14:20:00+02:00,,,,,,non
Z30CT12,BOUCLE,30,Mérignac,33281,44.8292715,-0.6630541,28,2026-09-25T14:20:00+02:00,,,,,,non
Z30CT18,BOUCLE,30,Mérignac,33281,44.8333625,-0.6478283,0,2026-09-25T14:20:00+02:00,,,,,,non
Z30CT7,BOUCLE,30,Mérignac,33281,44.8310876,-0.6480932,,2012-11-15T15:58:52+01:00,,,,,,non
Z30CT1,BOUCLE,30,Mérignac,33281,44.8332133,-0.6493556,19,2026-09-25T14:20:00+02:00,,,,,,non
Z30CT6,BOUCLE,30,Mérignac,33281,44.8326883,-0.6475049,23,2026-09-25T14:20:00+02:00,,,,,,non
Z30CT16,BOUCLE,30,Mérignac,33281,44.8323346,-0.6405681,17,2026-09-25T14:20:00+02:00,386,385,5150,0.074951,0.074757,oui
Z30CT24,BOUCLE,30,Mérignac,33281,44.8297563,-0.6361679,9,2026-09-25T14:20:00+02:00,171,241,2008,0.085159,0.120020,oui
Z21CT4,BOUCLE,21,Le Bouscat,33069,44.8699823,-0.611649,,2012-11-15T16:18:28+01:00,,,,,,non
Z21CT2,BOUCLE,21,Le Bouscat,33069,44.863124,-0.6028684,,2012-11-15T16:28:56+01:00,,,,,,non
Z15CT9,BOUCLE,15,Bordeaux,33063,44.8550276,-0.5767243,11,2026-09-25T14:20:00+02:00,203,219,2862,0.070929,0.076520,oui
Z15CT4,BOUCLE,15,Bordeaux,33063,44.8510158,-0.5743494,0,2026-09-25T14:20:00+02:00,421,375,6438,0.065393,0.058248,oui
Z31CT1,BOUCLE,31,Lormont,33249,44.8837472,-0.5170783,77,2026-09-25T14:20:00+02:00,568,1179,12845,0.044220,0.091787,oui
Z31CT4,BOUCLE,31,Lormont,33249,44.8844683,-0.518059,30,2026-09-25T14:20:00+02:00,231,346,5082,0.045455,0.068083,oui
Z31CT6,BOUCLE,31,Lormont,33249,44.8847404,-0.5191755,32,2026-09-25T14:20:00+02:00,737,716,9022,0.081689,0.079362,oui
Z29CT6,BOUCLE,29,Cenon,33119,44.8454648,-0.5387324,0,2026-09-25T14:20:00+02:00,463,774,7620,0.060761,0.101575,oui
Z29CT5,BOUCLE,29,Bordeaux,33063,44.8480761,-0.5423415,0,2026-09-25T14:20:00+02:00,,,,,,non
Z29CT7,BOUCLE,29,Cenon,33119,44.8459045,-0.5347612,,2012-11-19T17:22:28+01:00,,,,,,non
Z29CT10,BOUCLE,29,Floirac,33167,44.8469571,-0.5119886,0,2026-09-25T14:20:00+02:00,240,397,4100,0.058537,0.096829,oui
Z17CT2,BOUCLE,17,Talence,33522,44.8089344,-0.591438,32,2026-09-25T14:20:00+02:00,409,484,5813,0.070360,0.083262,oui
Z17CT6,BOUCLE,17,Talence,33522,44.8020646,-0.5936051,29,2026-09-25T14:20:00+02:00,413,586,7492,0.055125,0.078217,oui
Z1704CT5,BOUCLE,17,Talence,33522,44.8096568,-0.6001923,11,2026-09-25T14:20:00+02:00,,,,,,non
Z1704CT7,BOUCLE,17,Talence,33522,44.8085358,-0.6002659,11,2026-09-25T14:20:00+02:00,,,,,,non
Z1704CT4,BOUCLE,17,Talence,33522,44.8078809,-0.6027209,48,2026-09-25T14:20:00+02:00,,,,,,non
Z14CT18,BOUCLE,14,Bordeaux,33063,44.8605133,-0.5533759,0,2026-09-25T14:20:00+02:00,232,200,3053,0.075991,0.065509,oui
Z14CT13,BOUCLE,14,Bordeaux,33063,44.8586404,-0.5571163,8,2026-09-25T14:20:00+02:00,396,345,5599,0.070727,0.061618,oui
Z14CT14,BOUCLE,14,Bordeaux,33063,44.8574056,-0.5597276,36,2026-09-25T14:20:00+02:00,446,464,6905,0.064591,0.067198,oui
Z5CT3,BOUCLE,5,Floirac,33167,44.8256971,-0.5361886,41,2026-09-25T14:20:00+02:00,,,,,,non
Z3CT14,BOUCLE,3,Bordeaux,33063,44.8291587,-0.5805392,10,2026-09-25T14:20:00+02:00,226,428,3368,0.067102,0.127078,oui
Z3CT12,BOUCLE,3,Bordeaux,33063,44.8313496,-0.574828,7,2026-09-25T14:20:00+02:00,,,,,,non
Z3CT16,BOUCLE,3,Bordeaux,33063,44.8289612,-0.5641726,6,2026-09-25T14:20:00+02:00,310,309,5206,0.059547,0.059355,oui
Z11CT1,BOUCLE,11,Talence,33522,44.8144599,-0.5882141,22,2026-09-25T14:20:00+02:00,238,345,3837,0.062028,0.089914,oui
Z11CT15,BOUCLE,11,Talence,33522,44.8172041,-0.5856086,22,2026-09-25T14:20:00+02:00,399,365,4635,0.086084,0.078749,oui
Z11CT8,BOUCLE,11,Talence,33522,44.8200844,-0.5837542,19,2026-09-25T14:20:00+02:00,233,267,3104,0.075064,0.086018,oui
Z11CT17,BOUCLE,11,Bordeaux,33063,44.8231915,-0.580008,13,2026-09-25T14:20:00+02:00,359,366,4639,0.077387,0.078896,oui
Z11CT13,BOUCLE,11,Bordeaux,33063,44.8170151,-0.5754863,0,2026-09-25T14:20:00+02:00,371,399,4926,0.075315,0.080999,oui
Z20CT7,BOUCLE,20,Bordeaux,33063,44.8511801,-0.6084408,,2012-11-27T18:26:00+01:00,,,,,,non
Z20CT3,BOUCLE,20,Bordeaux,33063,44.8565557,-0.6183162,37,2026-09-25T14:20:00+02:00,446,526,5877,0.075889,0.089501,oui
Z20CT5,BOUCLE,20,Bordeaux,33063,44.8564947,-0.6182439,21,2026-09-25T14:20:00+02:00,494,516,6032,0.081897,0.085544,oui
Z23CT1,BOUCLE,23,Bruges,33075,44.8711584,-0.6138311,,2013-12-13T14:01:28+01:00,,,,,,non
Z23CT12,BOUCLE,23,Le Bouscat,33069,44.8759231,-0.6209694,41,2026-09-25T14:20:00+02:00,436,632,8198,0.053184,0.077092,oui
Z23CT2,BOUCLE,23,Bruges,33075,44.8771473,-0.6226705,63,2026-09-25T14:20:00+02:00,,,,,,non
Z23CT7,BOUCLE,23,Eysines,33162,44.8779626,-0.6239892,67,2026-09-25T14:20:00+02:00,525,904,10799,0.048616,0.083711,oui
Z23CT10,BOUCLE,23,Eysines,33162,44.8830529,-0.6315623,54,2026-09-25T14:20:00+02:00,711,644,9220,0.077115,0.069848,oui
Z23CT11,BOUCLE,23,Eysines,33162,44.8832834,-0.6319957,68,2026-09-25T14:20:00+02:00,733,872,12392,0.059151,0.070368,oui
Z13CT5,BOUCLE,13,Bordeaux,33063,44.8513904,-0.5952205,172,2026-09-25T14:20:00+02:00,1422,1458,24538,0.057951,0.059418,oui
Z13CT3,BOUCLE,13,Bordeaux,33063,44.8528491,-0.5942512,54,2026-09-25T14:20:00+02:00,853,804,13684,0.062336,0.058755,oui
Z13CT4,BOUCLE,13,Bordeaux,33063,44.844647,-0.5989737,65,2026-09-25T14:20:00+02:00,933,912,15411,0.060541,0.059179,oui
Z13CT12,BOUCLE,13,Bordeaux,33063,44.8478334,-0.6020558,28,2026-09-25T14:20:00+02:00,655,512,7604,0.086139,0.067333,oui
Z13CT14,BOUCLE,13,Bordeaux,33063,44.8518257,-0.5908057,28,2026-09-25T14:20:00+02:00,268,256,4312,0.062152,0.059369,oui
Z13CT9,BOUCLE,13,Bordeaux,33063,44.8525368,-0.589876,0,2026-09-25T14:20:00+02:00,398,349,4931,0.080714,0.070777,oui
Z402CT2,BOUCLE,4,Bordeaux,33063,44.8372804,-0.5895563,3,2026-09-25T14:20:00+02:00,,,,,,non
Z4CT10,BOUCLE,4,Bordeaux,33063,44.8400909,-0.581801,22,2026-09-25T14:20:00+02:00,268,212,3686,0.072708,0.057515,oui
Z4CT9,BOUCLE,4,Bordeaux,33063,44.8415523,-0.5821513,0,2026-09-25T14:20:00+02:00,378,294,5531,0.068342,0.053155,oui
Z4CT3,BOUCLE,4,Bordeaux,33063,44.8425629,-0.5795506,43,2026-09-25T14:20:00+02:00,653,577,9975,0.065464,0.057845,oui
Z4CT18,BOUCLE,4,Bordeaux,33063,44.84389,-0.5786597,36,2026-09-25T14:20:00+02:00,666,589,9094,0.073235,0.064768,oui
Z4CT17,BOUCLE,4,Bordeaux,33063,44.8451128,-0.577423,,2012-11-28T10:36:48+01:00,,,,,,non
Z4CT15,BOUCLE,4,Bordeaux,33063,44.8457653,-0.5775707,28,2026-09-25T14:20:00+02:00,,,,,,non
Z4CT14,BOUCLE,4,Bordeaux,33063,44.8466148,-0.5769622,22,2026-09-25T14:20:00+02:00,343,335,4809,0.071325,0.069661,oui
Z4CT20,BOUCLE,4,Bordeaux,33063,44.8462506,-0.574273,8,2026-09-25T14:20:00+02:00,177,175,2703,0.065483,0.064743,oui
Z16CT4,BOUCLE,16,Pessac,33318,44.7924779,-0.6477143,42,2026-09-25T14:20:00+02:00,,,,,,non
Z27CT13,BOUCLE,27,Pessac,33318,44.7892927,-0.6562515,0,2026-09-25T14:20:00+02:00,214,328,3501,0.061125,0.093688,oui
Z27CT14,BOUCLE,27,Pessac,33318,44.7922509,-0.6576327,48,2026-09-25T14:20:00+02:00,432,389,4857,0.088944,0.080091,oui
Z08AE,SIREDO,8,Cenon,33119,44.8538317,-0.5378839,,2014-03-07T10:08:00+01:00,,,,,,non
Z12CT9,BOUCLE,12,Bordeaux,33063,44.8163712,-0.5753369,2,2026-09-25T14:20:00+02:00,556,564,8064,0.068948,0.069940,oui
Z12CT1,BOUCLE,12,Bordeaux,33063,44.8211322,-0.5724726,,2012-11-08T15:52:52+01:00,,,,,,non
Z12CT7,BOUCLE,12,Bordeaux,33063,44.8172369,-0.5722,0,2026-09-25T14:20:00+02:00,606,588,8361,0.072479,0.070327,oui
Z12CT8,BOUCLE,12,Bordeaux,33063,44.8217639,-0.5724394,,2012-11-08T15:58:36+01:00,,,,,,non
Z12CT6,BOUCLE,12,Bordeaux,33063,44.8139833,-0.5728539,27,2026-09-25T14:20:00+02:00,446,373,6668,0.066887,0.055939,oui
Z12CT10,BOUCLE,12,Bordeaux,33063,44.8143367,-0.5704251,81,2026-09-25T14:20:00+02:00,629,708,9366,0.067158,0.075593,oui
Z18CT3,BOUCLE,18,Gradignan,33192,44.7733915,-0.6140847,26,2026-09-25T14:20:00+02:00,159,404,4161,0.038212,0.097092,oui
Z18CT12,BOUCLE,18,Gradignan,33192,44.7800894,-0.6089065,41,2026-09-25T14:20:00+02:00,307,543,6188,0.049612,0.087750,oui
Z18CT11,BOUCLE,18,Gradignan,33192,44.7778618,-0.6081029,18,2026-09-25T14:20:00+02:00,309,264,3367,0.091773,0.078408,oui
Z24CT13,BOUCLE,24,Mérignac,33281,44.8576537,-0.6672586,39,2026-09-25T14:20:00+02:00,365,558,5819,0.062726,0.095893,oui
Z24CT14,BOUCLE,24,Le Haillan,33200,44.859161,-0.6662982,24,2026-09-25T14:20:00+02:00,376,277,5419,0.069385,0.051116,oui
Z23CS,SIREDO,23,Bruges,33075,44.8756838,-0.6205101,,2012-12-10T09:30:28+01:00,,,,,,non
Z29AS,SIREDO,29,Artigues-près-Bordeaux,33013,44.8483119,-0.500258,,2012-12-10T09:40:12+01:00,129,391,3101,0.041599,0.126088,oui
Z29AE,SIREDO,29,Artigues-près-Bordeaux,33013,44.8483487,-0.5002807,,2012-12-10T09:40:28+01:00,462,334,3817,0.121037,0.087503,oui
Z32AS,SIREDO,32,Floirac,33167,44.8270797,-0.5223947,,2012-12-10T09:59:28+01:00,408,693,7285,0.056005,0.095127,oui
Z32AE,SIREDO,32,Floirac,33167,44.82709,-0.522353,,2012-12-10T09:59:48+01:00,505,609,7159,0.070541,0.085068,oui
Z20BE,SIREDO,20,Bordeaux,33063,44.8456323,-0.6119695,,2012-12-10T10:09:08+01:00,,,,,,non
Z22CS,SIREDO,22,Cenon,33119,44.8668151,-0.509119,,2012-12-10T10:25:00+01:00,728,1002,15001,0.048530,0.066796,oui
Z22CE,SIREDO,22,Lormont,33249,44.8668755,-0.5091489,,2012-12-10T10:25:16+01:00,1056,961,14792,0.071390,0.064968,oui
Z21BE,SIREDO,21,Bordeaux,33063,44.8600983,-0.6095281,,2012-12-18T15:23:16+01:00,,,,,,non
Z21BS,SIREDO,21,Le Bouscat,33069,44.8601327,-0.6095099,,2012-12-18T15:23:48+01:00,,,,,,non
Z25CT18,BOUCLE,25,Bordeaux,33063,44.8846531,-0.5715284,8,2026-09-25T14:20:00+02:00,238,427,3291,0.072318,0.129748,oui
Z25CT20,BOUCLE,25,Bordeaux,33063,44.8945411,-0.5656011,8,2026-09-25T14:20:00+02:00,491,444,4302,0.114133,0.103208,oui
Z1CT15,BOUCLE,1,Bordeaux,33063,44.852531,-0.5682806,16,2026-09-25T14:20:00+02:00,220,206,3236,0.067985,0.063659,oui
Z4CT13,BOUCLE,4,Bordeaux,33063,44.8383406,-0.5904377,22,2026-09-25T14:20:00+02:00,449,438,6012,0.074684,0.072854,oui
Z7CE,SIREDO,7,Martignas-sur-Jalle,33273,44.834163,-0.8010063,,2020-05-04T14:43:52+02:00,,,,,,non
Z23ES,SIREDO,23,Le Taillan-Médoc,33519,44.8964007,-0.6756967,,2020-05-04T14:40:21+02:00,,,,,,non
Z23EE,SIREDO,23,Le Taillan-Médoc,33519,44.8963839,-0.6757296,,2020-05-04T14:40:21+02:00,,,,,,non
Z19CT15,BOUCLE,19,Villenave-d'Ornon,33550,44.7804395,-0.5656786,1,2026-09-25T14:20:00+02:00,286,147,2076,0.137765,0.070809,oui
Z28AS,SIREDO,28,Saint-Médard-en-Jalles,33449,44.8655904,-0.713831,,2021-05-18T14:29:28+02:00,0,803,7962,0.000000,0.100854,oui
Z33AE,SIREDO,33,Blanquefort,33056,44.9007897,-0.6171635,,2021-05-19T15:24:53+02:00,,,,,,non
Z33AS,SIREDO,33,Blanquefort,33056,44.9008052,-0.617119,,2021-05-19T15:25:31+02:00,,,,,,non
Z35AE,SIREDO,35,Ambarès-et-Lagrave,33003,44.916775,-0.4819245,,2021-05-19T15:31:04+02:00,963,798,11646,0.082689,0.068521,oui
Z23CT13,BOUCLE,23,Bruges,33075,44.8742472,-0.6168415,11,2026-09-25T14:20:00+02:00,164,219,2528,0.064873,0.086630,oui
Z5CT23,BOUCLE,5,Bordeaux,33063,44.8360212,-0.55037,49,2026-09-25T14:20:00+02:00,,,,,,non
Z2CT08,BOUCLE,2,Bordeaux,33063,44.8336875,-0.5800936,,2025-03-27T15:56:16+01:00,,,,,,non
Z1402CT4,BOUCLE,1402,Bordeaux,33063,44.871224,-0.5673155,0,2026-09-25T14:20:00+02:00,,,,,,non
Z18CT13,BOUCLE,18,Gradignan,33192,44.7791829,-0.6111968,20,2026-09-25T14:20:00+02:00,217,427,4312,0.050325,0.099026,oui
Z24CT6,BOUCLE,24,Mérignac,33281,44.8626927,-0.6520497,25,2026-09-25T14:20:00+02:00,616,626,6610,0.093192,0.094705,oui
Z6CT17,BOUCLE,6,Bordeaux,33063,44.8409109,-0.5892701,0,2026-09-25T14:20:00+02:00,130,277,2754,0.047204,0.100581,oui
Z6CT13,BOUCLE,6,Bordeaux,33063,44.842193,-0.5934232,15,2026-09-25T14:20:00+02:00,361,342,4227,0.085403,0.080908,oui
Z6CT8,BOUCLE,6,Mérignac,33281,44.8385652,-0.6181598,31,2026-09-25T14:20:00+02:00,616,510,7030,0.087624,0.072546,oui
Z6CT9,BOUCLE,6,Mérignac,33281,44.8377535,-0.6179107,0,2026-09-25T14:20:00+02:00,,,,,,non
Z27CT9,BOUCLE,27,Pessac,33318,44.8018652,-0.6634783,41,2026-09-25T14:20:00+02:00,613,819,9840,0.062297,0.083232,oui
Z27CT1,BOUCLE,27,Pessac,33318,44.7930328,-0.6710984,37,2026-09-25T14:20:00+02:00,560,586,7351,0.076180,0.079717,oui
Z27CT12,BOUCLE,27,Pessac,33318,44.7971678,-0.6657445,0,2026-09-25T14:20:00+02:00,529,611,7997,0.066150,0.076404,oui
Z22CT11,BOUCLE,22,Lormont,33249,44.879648,-0.5205961,11,2026-09-25T14:20:00+02:00,328,267,3389,0.096784,0.078784,oui
Z2201CT5,BOUCLE,22,Lormont,33249,44.865968,-0.5238364,48,2026-09-25T14:20:00+02:00,,,,,,non
Z2201CT1,BOUCLE,22,Cenon,33119,44.8563551,-0.5193339,16,2026-09-25T14:20:00+02:00,,,,,,non
Z4CT2,BOUCLE,4,Bordeaux,33063,44.8438188,-0.5753851,14,2026-09-25T14:20:00+02:00,438,330,7396,0.059221,0.044619,oui
Z4CT4,BOUCLE,4,Bordeaux,33063,44.8444615,-0.5798276,,2012-11-28T10:56:20+01:00,,,,,,non
Z13CT2,BOUCLE,13,Le Bouscat,33069,44.8566805,-0.5914079,60,2026-09-25T14:20:00+02:00,801,944,16391,0.048868,0.057593,oui
Z5CT15,BOUCLE,5,Bordeaux,33063,44.8347133,-0.5524504,27,2026-09-25T14:20:00+02:00,632,673,7722,0.081844,0.087154,oui
Z8CT1,BOUCLE,8,Bordeaux,33063,44.8398326,-0.5606317,0,2026-09-25T14:20:00+02:00,,,,,,non
Z8CT2,BOUCLE,8,Bordeaux,33063,44.8408954,-0.561522,0,2026-09-25T14:20:00+02:00,,,,,,non
Z11CT11,BOUCLE,11,Talence,33522,44.8162388,-0.5775889,24,2026-09-25T14:20:00+02:00,,,,,,non
Z25CT23,BOUCLE,25,Bordeaux,33063,44.8676196,-0.5482287,14,2026-09-25T14:20:00+02:00,196,209,2700,0.072593,0.077407,oui
Z25CT13,BOUCLE,25,Bordeaux,33063,44.8748929,-0.5765822,21,2026-09-25T14:20:00+02:00,551,522,6413,0.085919,0.081397,oui
Z25CT6,BOUCLE,25,Bordeaux,33063,44.8756901,-0.5690752,23,2026-09-25T14:20:00+02:00,275,453,5423,0.050710,0.083533,oui
Z25CT7,BOUCLE,25,Bordeaux,33063,44.8777497,-0.5689157,0,2026-09-25T14:20:00+02:00,,,,,,non
Z25CT3,BOUCLE,25,Bordeaux,33063,44.8877117,-0.5600755,,2012-11-29T13:16:56+01:00,,,,,,non
Z25CT2,BOUCLE,25,Bordeaux,33063,44.8886359,-0.5601903,,2012-11-29T13:17:32+01:00,,,,,,non
Z16CT8,BOUCLE,16,Pessac,33318,44.8106915,-0.6213777,8,2026-09-25T14:20:00+02:00,245,290,3125,0.078400,0.092800,oui
Z25CT15,BOUCLE,25,Bordeaux,33063,44.8825258,-0.5609752,,2012-11-29T13:36:52+01:00,,,,,,non
Z16CT14,BOUCLE,16,Pessac,33318,44.805871,-0.6264487,20,2026-09-25T14:20:00+02:00,417,540,5574,0.074812,0.096878,oui
Z10CT13,BOUCLE,10,Bordeaux,33063,44.8275412,-0.5920619,14,2026-09-25T14:20:00+02:00,255,286,3549,0.071851,0.080586,oui
Z10CT14,BOUCLE,10,Bordeaux,33063,44.8270587,-0.5952369,41,2026-09-25T14:20:00+02:00,,,,,,non
Z11CT9,BOUCLE,11,Talence,33522,44.8249125,-0.5887159,72,2026-09-25T14:20:00+02:00,725,855,11840,0.061233,0.072213,oui
Z10CT15,BOUCLE,10,Talence,33522,44.823292,-0.5929325,19,2026-09-25T14:20:00+02:00,341,386,4880,0.069877,0.079098,oui
Z10CT19,BOUCLE,10,Bordeaux,33063,44.8249089,-0.5988967,0,2026-09-25T14:20:00+02:00,659,705,9105,0.072378,0.077430,oui
Z24AE,SIREDO,24,Eysines,33162,44.8641921,-0.6617532,,2012-12-07T18:07:36+01:00,,,,,,non
Z30BS,SIREDO,30,Mérignac,33281,44.8351569,-0.6318041,,2012-12-07T18:25:40+01:00,439,480,6332,0.069330,0.075805,oui
Z30BE,SIREDO,30,Mérignac,33281,44.8351252,-0.6318109,,2012-12-07T18:26:40+01:00,245,532,5556,0.044096,0.095752,oui
Z25BE,SIREDO,25,Bruges,33075,44.8787392,-0.5821025,,2012-12-10T08:52:32+01:00,,,,,,non
Z25BS,SIREDO,25,Bruges,33075,44.8787561,-0.5820737,,2012-12-10T08:52:48+01:00,,,,,,non
Z05BS,SIREDO,5,Floirac,33167,44.820897,-0.5320158,,2014-03-07T09:59:56+01:00,419,834,8186,0.051185,0.101881,oui
Z17AS,SIREDO,17,Talence,33522,44.8069271,-0.591717,,2012-12-10T09:11:00+01:00,303,459,5788,0.052350,0.079302,oui
Z17CE,SIREDO,17,Gradignan,33192,44.7884081,-0.6118287,,2012-12-10T09:15:28+01:00,,,,,,non
Z17DE,SIREDO,17,Talence,33522,44.7886195,-0.5906687,,2012-12-10T09:18:20+01:00,375,358,3857,0.097226,0.092818,oui
Z17DS,SIREDO,17,Talence,33522,44.7886155,-0.5907097,,2012-12-10T09:18:40+01:00,206,517,4038,0.051015,0.128034,oui
Z17EE,SIREDO,17,Talence,33522,44.8132443,-0.5865581,,2012-12-10T09:20:44+01:00,102,202,1785,0.057143,0.113165,oui
Z23AE,SIREDO,23,Eysines,33162,44.8782443,-0.644707,,2012-12-10T09:24:44+01:00,,,,,,non
Z28CT1,BOUCLE,28,Saint-Médard-en-Jalles,33449,44.8867913,-0.6950881,28,2026-09-25T14:20:00+02:00,189,583,6468,0.029221,0.090136,oui
Z28CT8,BOUCLE,28,Saint-Médard-en-Jalles,33449,44.8871522,-0.6962577,,2012-11-20T16:53:48+01:00,508,497,6620,0.076737,0.075076,oui
Z28CT4,BOUCLE,28,Saint-Médard-en-Jalles,33449,44.8974092,-0.7225626,9,2026-09-25T14:20:00+02:00,373,175,2730,0.136630,0.064103,oui
Z9CT2,BOUCLE,9,Bordeaux,33063,44.8329764,-0.5987084,40,2026-09-25T14:20:00+02:00,690,650,9784,0.070523,0.066435,oui
Z9CT7,BOUCLE,9,Bordeaux,33063,44.8338478,-0.5902949,35,2026-09-25T14:20:00+02:00,531,456,6730,0.078900,0.067756,oui
Z9CT12,BOUCLE,9,Bordeaux,33063,44.8332291,-0.6017359,0,2026-09-25T14:20:00+02:00,479,514,7678,0.062386,0.066945,oui
Z7CT2,BOUCLE,7,Mérignac,33281,44.8411897,-0.6436765,33,2026-09-25T14:20:00+02:00,,,,,,non
Z2CT10,BOUCLE,2,Bordeaux,33063,44.8350142,-0.5756565,29,2026-09-25T14:20:00+02:00,438,342,5576,0.078551,0.061334,oui
Z2CT16,BOUCLE,2,Bordeaux,33063,44.8349239,-0.5725545,40,2026-09-25T14:20:00+02:00,407,530,6919,0.058824,0.076601,oui
Z2CT15,BOUCLE,2,Bordeaux,33063,44.8347765,-0.5780099,27,2026-09-25T14:20:00+02:00,310,411,5208,0.059524,0.078917,oui
Z2CT13,BOUCLE,2,Bordeaux,33063,44.8346616,-0.579937,27,2026-09-25T14:20:00+02:00,283,345,4663,0.060691,0.073987,oui
Z2CT3,BOUCLE,2,Bordeaux,33063,44.8360725,-0.5668716,29,2026-09-25T14:20:00+02:00,540,608,9497,0.056860,0.064020,oui
Z2CT21,BOUCLE,2,Bordeaux,33063,44.8364488,-0.5651526,16,2026-09-25T14:20:00+02:00,287,391,4804,0.059742,0.081391,oui
Z2CT4,BOUCLE,2,Bordeaux,33063,44.8379246,-0.5686221,0,2026-09-25T14:20:00+02:00,131,214,3088,0.042422,0.069301,oui
Z2CT23,BOUCLE,2,Bordeaux,33063,44.8359343,-0.5824028,1,2026-09-25T14:20:00+02:00,292,438,5416,0.053914,0.080871,oui
Z2CT7,BOUCLE,2,Bordeaux,33063,44.8358328,-0.5839379,9,2026-09-25T14:20:00+02:00,420,350,5223,0.080414,0.067011,oui
Z1CT12,BOUCLE,1,Bordeaux,33063,44.8328063,-0.5608282,57,2026-09-25T14:20:00+02:00,,,,,,non
Z1CT4,BOUCLE,1,Bordeaux,33063,44.8394545,-0.5682398,73,2026-09-25T14:20:00+02:00,812,1001,13795,0.058862,0.072563,oui
Z1CT16,BOUCLE,1,Bordeaux,33063,44.8487995,-0.570332,44,2026-09-25T14:20:00+02:00,739,700,9726,0.075982,0.071972,oui
Z1CT9,BOUCLE,1,Bordeaux,33063,44.8518342,-0.5684556,34,2026-09-25T14:20:00+02:00,662,603,9507,0.069633,0.063427,oui
Z1CT14,BOUCLE,1,Bordeaux,33063,44.8541722,-0.5657623,22,2026-09-25T14:20:00+02:00,554,529,7886,0.070251,0.067081,oui
Z19CT2,BOUCLE,19,Bègles,33039,44.8032594,-0.5715465,31,2026-09-25T14:20:00+02:00,397,377,5591,0.071007,0.067430,oui
Z19CT8,BOUCLE,19,Bègles,33039,44.7858246,-0.5663565,0,2026-09-25T14:20:00+02:00,703,687,9817,0.071610,0.069981,oui
Z19CT5,BOUCLE,19,Villenave-d'Ornon,33550,44.7838739,-0.5662327,47,2026-09-25T14:20:00+02:00,,,,,,non
Z19CT9,BOUCLE,19,Villenave-d'Ornon,33550,44.7811573,-0.5682288,50,2026-09-25T14:20:00+02:00,365,571,7421,0.049185,0.076944,oui
Z19CT6,BOUCLE,19,Villenave-d'Ornon,33550,44.7815844,-0.5642214,38,2026-09-25T14:20:00+02:00,569,408,6322,0.090003,0.064537,oui
Z19CT12,BOUCLE,19,Villenave-d'Ornon,33550,44.777231,-0.5740442,3,2026-09-25T14:20:00+02:00,233,59,1028,0.226654,0.057393,oui
Z19CT14,BOUCLE,19,Villenave-d'Ornon,33550,44.778297,-0.5642516,45,2026-09-25T14:20:00+02:00,470,964,11591,0.040549,0.083168,oui
Z19CT7,BOUCLE,19,Villenave-d'Ornon,33550,44.7800108,-0.5660716,26,2026-09-25T14:20:00+02:00,301,554,6733,0.044705,0.082281,oui
Z14CT1,BOUCLE,14,Le Bouscat,33069,44.8597906,-0.5890063,60,2026-09-25T14:20:00+02:00,955,753,13406,0.071237,0.056169,oui
Z14CT10,BOUCLE,14,Bordeaux,33063,44.867786,-0.5714453,60,2026-09-25T14:20:00+02:00,988,1005,14181,0.069671,0.070869,oui
Z30CT4,BOUCLE,30,Mérignac,33281,44.8327051,-0.6627165,53,2026-09-25T14:20:00+02:00,,,,,,non
Z30CT21,BOUCLE,30,Mérignac,33281,44.8280484,-0.6643523,23,2026-09-25T14:20:00+02:00,,,,,,non
Z26BS,SIREDO,26,Bègles,33039,44.8157478,-0.5486374,,2012-12-11T08:41:04+01:00,84,164,1900,0.044211,0.086316,oui
Z26AE,SIREDO,26,Bègles,33039,44.7966189,-0.5415183,,2012-12-11T08:51:48+01:00,684,716,9156,0.074705,0.078200,oui
Z10AE,SIREDO,10,Talence,33522,44.8156522,-0.6005556,,2012-12-11T09:22:32+01:00,312,415,4607,0.067723,0.090080,oui
Z16AE,SIREDO,16,Pessac,33318,44.8143854,-0.6113344,,2012-12-12T16:45:40+01:00,336,479,5252,0.063976,0.091203,oui
Z16BE,SIREDO,16,Pessac,33318,44.8054054,-0.6504409,,2012-12-12T16:50:20+01:00,332,678,6391,0.051948,0.106087,oui
Z16DE,SIREDO,16,Pessac,33318,44.7891307,-0.6352414,,2012-12-12T16:56:44+01:00,,,,,,non
Z7CT13,BOUCLE,7,Mérignac,33281,44.8432884,-0.6489505,21,2026-09-25T14:20:00+02:00,169,125,1921,0.087975,0.065070,oui
Z7CT14,BOUCLE,7,Mérignac,33281,44.845128,-0.6594776,19,2026-09-25T14:20:00+02:00,170,157,2013,0.084451,0.077993,oui
Z13CT17,BOUCLE,13,Bordeaux,33063,44.8451876,-0.5920899,,2014-01-08T07:35:56+01:00,,,,,,non
Z30CT11,BOUCLE,30,Mérignac,33281,44.8292504,-0.6630016,28,2026-09-25T14:20:00+02:00,,,,,,non
Z30CT19,BOUCLE,30,Mérignac,33281,44.8367675,-0.647135,0,2026-09-25T14:20:00+02:00,530,362,5303,0.099943,0.068263,oui
Z30CT17,BOUCLE,30,Mérignac,33281,44.830403,-0.6398104,32,2026-09-25T14:20:00+02:00,384,454,5641,0.068073,0.080482,oui
Z30CT13,BOUCLE,30,Mérignac,33281,44.8261471,-0.6376485,0,2026-09-25T14:20:00+02:00,445,478,6121,0.072701,0.078092,oui
Z21CT3,BOUCLE,21,Le Bouscat,33069,44.866671,-0.6063372,23,2026-09-25T14:20:00+02:00,372,374,4816,0.077243,0.077658,oui
Z21CT7,BOUCLE,21,Le Bouscat,33069,44.8652871,-0.603101,,2012-11-15T16:23:24+01:00,,,,,,non
Z21CT6,BOUCLE,21,Le Bouscat,33069,44.8634045,-0.6031922,13,2026-09-25T14:20:00+02:00,139,150,1982,0.070131,0.075681,oui
Z15CT12,BOUCLE,15,Bordeaux,33063,44.8650082,-0.575676,32,2026-09-25T14:20:00+02:00,364,331,4847,0.075098,0.068290,oui
Z15CT13,BOUCLE,15,Bordeaux,33063,44.8554175,-0.5744998,2,2026-09-25T14:20:00+02:00,56,81,1100,0.050909,0.073636,oui
Z15CT2,BOUCLE,15,Bordeaux,33063,44.8528892,-0.573105,25,2026-09-25T14:20:00+02:00,260,363,4593,0.056608,0.079033,oui
Z31CT5,BOUCLE,31,Lormont,33249,44.8859798,-0.5186744,0,2026-09-25T14:20:00+02:00,,,,,,non
Z29CT3,BOUCLE,29,Cenon,33119,44.845979,-0.5346344,,2012-11-19T17:21:04+01:00,,,,,,non
Z29CT9,BOUCLE,29,Floirac,33167,44.8472874,-0.5089011,0,2026-09-25T14:20:00+02:00,423,312,3762,0.112440,0.082935,oui
Z29CT15,BOUCLE,29,Cenon,33119,44.8528015,-0.5084824,13,2026-09-25T14:20:00+02:00,542,435,5741,0.094409,0.075771,oui
Z29CT14,BOUCLE,29,Cenon,33119,44.8536075,-0.5099547,28,2026-09-25T14:20:00+02:00,431,460,5666,0.076068,0.081186,oui
Z17CT7,BOUCLE,17,Talence,33522,44.8111239,-0.591116,21,2026-09-25T14:20:00+02:00,413,456,5940,0.069529,0.076768,oui
Z17CT5,BOUCLE,17,Talence,33522,44.8009276,-0.595159,42,2026-09-25T14:20:00+02:00,338,544,7260,0.046556,0.074931,oui
Z17CT9,BOUCLE,17,Talence,33522,44.7959917,-0.6033196,106,2026-09-25T14:20:00+02:00,1121,1099,14564,0.076971,0.075460,oui
Z1704CT9,BOUCLE,17,Talence,33522,44.8071253,-0.6007774,0,2026-09-25T14:20:00+02:00,,,,,,non
Z1704CT12,BOUCLE,17,Talence,33522,44.8082585,-0.5992682,12,2026-09-25T14:20:00+02:00,,,,,,non
Z1704CT3,BOUCLE,17,Talence,33522,44.8079239,-0.6049105,46,2026-09-25T14:20:00+02:00,,,,,,non
Z1704CT10,BOUCLE,17,Talence,33522,44.8079023,-0.6024456,6,2026-09-25T14:20:00+02:00,,,,,,non
Z1702CT3,BOUCLE,17,Talence,33522,44.8082569,-0.6056064,,2012-11-19T18:33:56+01:00,,,,,,non
Z14CT15,BOUCLE,14,Bordeaux,33063,44.8675934,-0.5633528,23,2026-09-25T14:20:00+02:00,721,829,11273,0.063958,0.073539,oui
Z14CT20,BOUCLE,14,Bordeaux,33063,44.870959,-0.5639623,27,2026-09-25T14:20:00+02:00,217,467,4926,0.044052,0.094803,oui
Z14CT17,BOUCLE,14,Bordeaux,33063,44.8608542,-0.5542418,60,2026-09-25T14:20:00+02:00,822,779,11103,0.074034,0.070161,oui
Z5CT11,BOUCLE,5,Bordeaux,33063,44.829368,-0.5600013,24,2026-09-25T14:20:00+02:00,411,375,5651,0.072730,0.066360,oui
Z5CT14,BOUCLE,5,Bordeaux,33063,44.8301873,-0.5550587,0,2026-09-25T14:20:00+02:00,,,,,,non
Z5CT7,BOUCLE,5,Bordeaux,33063,44.8301714,-0.5552268,60,2026-09-25T14:20:00+02:00,,,,,,non
Z3CT1,BOUCLE,3,Bordeaux,33063,44.8301427,-0.5805599,0,2026-09-25T14:20:00+02:00,133,138,1818,0.073157,0.075908,oui
Z3CT5,BOUCLE,3,Bordeaux,33063,44.8317387,-0.5767387,0,2026-09-25T14:20:00+02:00,317,363,5670,0.055908,0.064021,oui
Z3CT13,BOUCLE,3,Bordeaux,33063,44.834005,-0.5821816,,2012-11-27T17:39:12+01:00,,,,,,non
Z3CT17,BOUCLE,3,Bordeaux,33063,44.829363,-0.5735972,15,2026-09-25T14:20:00+02:00,115,116,1798,0.063960,0.064516,oui
Z3CT6,BOUCLE,3,Bordeaux,33063,44.8261938,-0.5770137,20,2026-09-25T14:20:00+02:00,372,336,4425,0.084068,0.075932,oui
Z3CT15,BOUCLE,3,Bordeaux,33063,44.8271409,-0.5737573,13,2026-09-25T14:20:00+02:00,180,325,2593,0.069418,0.125337,oui
Z3CT7,BOUCLE,3,Bordeaux,33063,44.8287983,-0.5723094,0,2026-09-25T14:20:00+02:00,,,,,,non
Z3CT8,BOUCLE,3,Bordeaux,33063,44.8306315,-0.5718125,0,2026-09-25T14:20:00+02:00,266,219,3941,0.067496,0.055570,oui
Z11CT2,BOUCLE,11,Talence,33522,44.8167291,-0.5856869,29,2026-09-25T14:20:00+02:00,380,434,4869,0.078045,0.089135,oui
Z11CT16,BOUCLE,11,Talence,33522,44.8163634,-0.5860491,25,2026-09-25T14:20:00+02:00,442,405,4896,0.090278,0.082721,oui
Z11CT7,BOUCLE,11,Bordeaux,33063,44.8241215,-0.5818402,27,2026-09-25T14:20:00+02:00,400,377,4784,0.083612,0.078804,oui
Z11CT10,BOUCLE,11,Talence,33522,44.8180907,-0.577979,0,2026-09-25T14:20:00+02:00,1098,1250,15384,0.071373,0.081253,oui
Z11CT12,BOUCLE,11,Bordeaux,33063,44.8157049,-0.5741,49,2026-09-25T14:20:00+02:00,886,771,11967,0.074037,0.064427,oui
Z20CT1,BOUCLE,20,Bordeaux,33063,44.8497527,-0.6029098,,2012-11-27T18:24:28+01:00,,,,,,non
Z20CT2,BOUCLE,20,Bordeaux,33063,44.8512046,-0.6069742,,2012-11-27T18:25:16+01:00,,,,,,non
Z20CT8,BOUCLE,20,Bordeaux,33063,44.8511589,-0.608456,,2012-11-27T18:26:16+01:00,,,,,,non
Z20CT4,BOUCLE,20,Bordeaux,33063,44.8604665,-0.6365486,14,2026-09-25T14:20:00+02:00,447,528,5357,0.083442,0.098563,oui
Z23CT16,BOUCLE,23,Le Bouscat,33069,44.8718656,-0.6149731,42,2026-09-25T14:20:00+02:00,455,532,6812,0.066794,0.078097,oui
Z23CT3,BOUCLE,23,Bruges,33075,44.8808416,-0.6283048,63,2026-09-25T14:20:00+02:00,569,760,9984,0.056991,0.076122,oui
Z23CT5,BOUCLE,23,Eysines,33162,44.8869502,-0.6369396,23,2026-09-25T14:20:00+02:00,376,341,5211,0.072155,0.065438,oui
Z13CT7,BOUCLE,13,Le Bouscat,33069,44.8544853,-0.5944385,9,2026-09-25T14:20:00+02:00,270,319,3632,0.074339,0.087830,oui
Z402CT5,BOUCLE,4,Bordeaux,33063,44.8380251,-0.5862987,0,2026-09-25T14:20:00+02:00,,,,,,non
Z4CT7,BOUCLE,4,Bordeaux,33063,44.8390401,-0.5816712,17,2026-09-25T14:20:00+02:00,317,275,5010,0.063273,0.054890,oui
Z4CT19,BOUCLE,4,Bordeaux,33063,44.8400405,-0.5811151,37,2026-09-25T14:20:00+02:00,263,279,4548,0.057828,0.061346,oui
Z4CT8,BOUCLE,4,Bordeaux,33063,44.8413913,-0.5841386,2,2026-09-25T14:20:00+02:00,193,155,2849,0.067743,0.054405,oui
Z4CT11,BOUCLE,4,Bordeaux,33063,44.8429215,-0.5862632,0,2026-09-25T14:20:00+02:00,,,,,,non
Z4CT1,BOUCLE,4,Bordeaux,33063,44.8495081,-0.5752866,11,2026-09-25T14:20:00+02:00,621,507,8889,0.069862,0.057037,oui
Z4CT23,BOUCLE,4,Bordeaux,33063,44.8504125,-0.5746541,31,2026-09-25T14:20:00+02:00,284,357,4908,0.057865,0.072738,oui
Z31CT7,BOUCLE,31,Carbon-Blanc,33096,44.8916556,-0.5161976,24,2026-09-25T14:20:00+02:00,176,727,6400,0.027500,0.113594,oui
Z7CT17,BOUCLE,7,Mérignac,33281,44.8434205,-0.6457896,17,2026-09-25T14:20:00+02:00,139,348,3330,0.041742,0.104505,oui
Z08AS,SIREDO,8,Cenon,33119,44.8537109,-0.5377361,,2014-03-07T10:08:08+01:00,,,,,,non
Z12CT2,BOUCLE,12,Bordeaux,33063,44.8211778,-0.5705049,16,2026-09-25T14:20:00+02:00,280,233,3708,0.075512,0.062837,oui
Z12CT5,BOUCLE,12,Bordeaux,33063,44.8114133,-0.5738273,0,2026-09-25T14:20:00+02:00,,,,,,non
Z12CT12,BOUCLE,12,Bordeaux,33063,44.812962,-0.5616096,60,2026-09-25T14:20:00+02:00,791,689,11224,0.070474,0.061386,oui
Z12CT14,BOUCLE,12,Bordeaux,33063,44.8162528,-0.5658099,26,2026-09-25T14:20:00+02:00,,,,,,non
Z12CT16,BOUCLE,12,Bordeaux,33063,44.8152851,-0.5653311,16,2026-09-25T14:20:00+02:00,384,291,3737,0.102756,0.077870,oui
Z18CT2,BOUCLE,18,Gradignan,33192,44.7704144,-0.6157487,,2012-11-08T16:18:08+01:00,,,,,,non
Z18CT5,BOUCLE,18,Gradignan,33192,44.7745815,-0.6124735,2,2026-09-25T14:20:00+02:00,297,504,5684,0.052252,0.088670,oui
Z24CT11,BOUCLE,24,Mérignac,33281,44.8576251,-0.6617284,76,2026-09-25T14:20:00+02:00,686,953,12816,0.053527,0.074360,oui
Z24CT12,BOUCLE,24,Mérignac,33281,44.8584011,-0.6685073,68,2026-09-25T14:20:00+02:00,775,892,11742,0.066002,0.075967,oui
Z23CE,SIREDO,23,Le Bouscat,33069,44.8756532,-0.6205671,,2012-12-10T09:30:44+01:00,,,,,,non
Z29DS,SIREDO,29,Cenon,33119,44.8532304,-0.5067709,,2012-12-10T09:37:16+01:00,,,,,,non
Z29CE,SIREDO,29,Cenon,33119,44.8459198,-0.534449,,2012-12-10T09:43:28+01:00,1792,1306,17405,0.102959,0.075036,oui
Z29BS,SIREDO,29,Bordeaux,33063,44.8436863,-0.5406813,,2012-12-10T09:46:04+01:00,,,,,,non
Z14BS,SIREDO,14,Bordeaux,33063,44.8712512,-0.5631348,,2012-12-10T09:55:28+01:00,,,,,,non
Z14BE,SIREDO,14,Bordeaux,33063,44.8712964,-0.5631789,,2012-12-10T09:55:44+01:00,,,,,,non
Z20AE,SIREDO,20,Bordeaux,33063,44.8566941,-0.6189075,,2012-12-10T10:06:36+01:00,429,525,6198,0.069216,0.084705,oui
Z20AS,SIREDO,20,Bordeaux,33063,44.8564609,-0.6180207,,2012-12-10T10:07:16+01:00,345,470,5579,0.061839,0.084244,oui
Z22DS,SIREDO,22,Lormont,33249,44.8815511,-0.5169677,,2012-12-10T10:27:28+01:00,,,,,,non
Z21AE,SIREDO,21,Le Bouscat,33069,44.8634234,-0.6032041,,2012-12-18T15:21:56+01:00,,,,,,non
Z21AS,SIREDO,21,Le Bouscat,33069,44.863437,-0.6031557,,2012-12-18T15:22:12+01:00,,,,,,non
Z21CS,SIREDO,21,Le Bouscat,33069,44.8596066,-0.5923304,,2012-12-18T15:32:56+01:00,243,385,4100,0.059268,0.093902,oui
Z21DS,SIREDO,21,Le Bouscat,33069,44.8662544,-0.5904025,,2012-12-18T15:39:36+01:00,,,,,,non
Z25CT17,BOUCLE,25,Bordeaux,33063,44.8823121,-0.5699045,0,2026-09-25T14:20:00+02:00,80,186,1990,0.040201,0.093467,oui
Z15CT14,BOUCLE,15,Bordeaux,33063,44.8537514,-0.5710787,21,2026-09-25T14:20:00+02:00,194,196,2881,0.067338,0.068032,oui
Z30GS,SIREDO,30,Mérignac,33281,44.8122853,-0.6967073,,2020-05-04T14:48:39+02:00,858,1124,12788,0.067094,0.087895,oui
Z35AS,SIREDO,35,Ambarès-et-Lagrave,33003,44.9167635,-0.481884,,2021-05-19T15:31:31+02:00,355,996,11616,0.030561,0.085744,oui
Z16CT12,BOUCLE,16,Pessac,33318,44.7940224,-0.6358201,13,2026-09-25T14:20:00+02:00,164,245,2400,0.068333,0.102083,oui
Z3CT21,BOUCLE,3,Bordeaux,33063,44.8289713,-0.5643712,29,2026-09-25T14:20:00+02:00,,,,,,non
Z5CT5,BOUCLE,5,Bègles,33039,44.8214049,-0.5401155,36,2026-09-25T14:20:00+02:00,,,,,,non
